index,date,price
1,11/15/2011,25.18000031
2,11/16/2011,25.19000053
3,11/17/2011,25.19000053
4,11/18/2011,24.43000031
5,11/21/2011,23.69000053
6,11/22/2011,23.69000053
7,11/23/2011,23.5
8,11/25/2011,23.5
9,11/28/2011,24.12999916
10,11/29/2011,24.25
11,11/30/2011,25.20000076
12,12/1/2011,25.20000076
13,12/2/2011,25.20000076
14,12/5/2011,25.32999992
15,12/6/2011,25.39999962
16,12/7/2011,25.29000092
17,12/8/2011,25.25
18,12/9/2011,25.47999954
19,12/12/2011,24.89999962
20,12/13/2011,24.20000076
21,12/14/2011,23.39999962
22,12/15/2011,23.39999962
23,12/16/2011,23.87000084
24,12/19/2011,23.39999962
25,12/20/2011,24.07999992
26,12/21/2011,24.12999916
27,12/22/2011,24.37999916
28,12/23/2011,24.73999977
29,12/27/2011,24.36000061
30,12/28/2011,24.36000061
31,12/29/2011,23.98999977
32,12/30/2011,24.5
33,1/3/2012,25.15999985
34,1/4/2012,24.39999962
35,1/5/2012,24.35000038
36,1/6/2012,24.42000008
37,1/9/2012,24.42000008
38,1/10/2012,24.42000008
39,1/11/2012,25.21999931
40,1/12/2012,25.71999931
41,1/13/2012,25.53000069
42,1/17/2012,25.53000069
43,1/18/2012,25.53000069
44,1/19/2012,27.03000069
45,1/20/2012,26.64999962
46,1/23/2012,27.12000084
47,1/24/2012,27.05999947
48,1/25/2012,27.26000023
49,1/26/2012,27.60000038
50,1/27/2012,27.70000076
51,1/30/2012,27.19000053
52,1/31/2012,27.20000076
53,2/1/2012,27.29999924
54,2/2/2012,26.81999969
55,2/3/2012,27.76000023
56,2/6/2012,27.43000031
57,2/7/2012,27.54999924
58,2/8/2012,27.71999931
59,2/9/2012,28.21999931
60,2/10/2012,27.35000038
61,2/13/2012,27.18000031
62,2/14/2012,27.18000031
63,2/15/2012,27.18000031
64,2/16/2012,27.18000031
65,2/17/2012,26.45999908
66,2/21/2012,27.30999947
67,2/22/2012,27.26000023
68,2/23/2012,26.95000076
69,2/24/2012,27.48999977
70,2/27/2012,27.47999954
71,2/28/2012,27.62999916
72,2/29/2012,27.22999954
73,3/1/2012,27.71999931
74,3/2/2012,27.69000053
75,3/5/2012,27.31999969
76,3/6/2012,26.63999939
77,3/7/2012,26.70999908
78,3/8/2012,26.70999908
79,3/9/2012,27.18000031
80,3/12/2012,27.22999954
81,3/13/2012,27.60000038
82,3/14/2012,27.60000038
83,3/15/2012,27.54999924
84,3/16/2012,27.37999916
85,3/19/2012,27.60000038
86,3/20/2012,27.14999962
87,3/21/2012,27.15999985
88,3/22/2012,26.64999962
89,3/23/2012,26.94000053
90,3/26/2012,27.42000008
91,3/27/2012,27.37999916
92,3/28/2012,26.79999924
93,3/29/2012,26.80999947
94,3/30/2012,27.12999916
95,4/2/2012,27.62000084
96,4/3/2012,27.45999908
97,4/4/2012,26.87000084
98,4/5/2012,26.87000084
99,4/9/2012,26.44000053
100,4/10/2012,26.01000023
101,4/11/2012,25.71999931
102,4/12/2012,26.03000069
103,4/13/2012,25.60000038
104,4/16/2012,25.57999992
105,4/17/2012,25.84000015
106,4/18/2012,25.84000015
107,4/19/2012,25.84000015
108,4/20/2012,26.11000061
109,4/23/2012,25.65999985
110,4/24/2012,25.88999939
111,4/25/2012,26.17000008
112,4/26/2012,26.70999908
113,4/27/2012,26.90999985
114,4/30/2012,26.95999908
115,5/1/2012,27.02000046
116,5/2/2012,27.02000046
117,5/3/2012,26.34000015
118,5/4/2012,26.10000038
119,5/7/2012,26.10000038
120,5/8/2012,25.87000084
121,5/9/2012,25.70999908
122,5/10/2012,25.77000046
123,5/11/2012,25.53000069
124,5/14/2012,25
125,5/15/2012,25
126,5/16/2012,24.37999916
127,5/17/2012,24.48999977
128,5/18/2012,24.48999977
129,5/21/2012,24.48999977
130,5/22/2012,24.45000076
131,5/23/2012,24
132,5/24/2012,24
133,5/25/2012,24
134,5/29/2012,24
135,5/30/2012,23.81999969
136,5/31/2012,23.70999908
137,6/1/2012,23.37999916
138,6/4/2012,23.39999962
139,6/5/2012,23.27000046
140,6/6/2012,23.61000061
141,6/7/2012,23.96999931
142,6/8/2012,23.15999985
143,6/11/2012,23.15999985
144,6/12/2012,23.15999985
145,6/13/2012,23.15999985
146,6/14/2012,23.15999985
147,6/15/2012,24
148,6/18/2012,23.78000069
149,6/19/2012,23.78000069
150,6/20/2012,24
151,6/21/2012,23.20999908
152,6/22/2012,23.26000023
153,6/25/2012,23.26000023
154,6/26/2012,23.26000023
155,6/27/2012,23.26000023
156,6/28/2012,23.52000046
157,6/29/2012,23.52000046
158,7/2/2012,23.52000046
159,7/3/2012,23.52000046
160,7/5/2012,24.38999939
161,7/6/2012,23.94000053
162,7/9/2012,24.02000046
163,7/10/2012,24.02000046
164,7/11/2012,24.02000046
165,7/12/2012,24.02000046
166,7/13/2012,24.02000046
167,7/16/2012,24.55999947
168,7/17/2012,24.55999947
169,7/18/2012,24.45999908
170,7/19/2012,24.45999908
171,7/20/2012,24.45999908
172,7/23/2012,23.68000031
173,7/24/2012,23.65999985
174,7/25/2012,23.65999985
175,7/26/2012,24
176,7/27/2012,24.21999931
177,7/30/2012,24.20000076
178,7/31/2012,24.20000076
179,8/1/2012,24.20000076
180,8/2/2012,23.34000015
181,8/3/2012,23.34000015
182,8/6/2012,23.97999954
183,8/7/2012,24.23999977
184,8/8/2012,24.23999977
185,8/9/2012,24.06999969
186,8/10/2012,23.88999939
187,8/13/2012,23.88999939
188,8/14/2012,23.63999939
189,8/15/2012,23.63999939
190,8/16/2012,23.63999939
191,8/17/2012,24
192,8/20/2012,23.70000076
193,8/21/2012,24.14999962
194,8/22/2012,24.21999931
195,8/23/2012,24.44000053
196,8/24/2012,24.44000053
197,8/27/2012,24.44000053
198,8/28/2012,24.44000053
199,8/29/2012,24.44000053
200,8/30/2012,24.20000076
201,8/31/2012,24.20000076
202,9/4/2012,24.36000061
203,9/5/2012,24.36000061
204,9/6/2012,24.73999977
205,9/7/2012,25.35000038
206,9/10/2012,25.75
207,9/11/2012,25.77000046
208,9/12/2012,25.81999969
209,9/13/2012,26.11000061
210,9/14/2012,26.11000061
211,9/17/2012,26.13999939
212,9/18/2012,26.35000038
213,9/19/2012,26.61000061
214,9/20/2012,26.36000061
215,9/21/2012,26.45000076
216,9/24/2012,26.11000061
217,9/25/2012,26.25
218,9/26/2012,25.87999916
219,9/27/2012,25.87999916
220,9/28/2012,25.87999916
221,10/1/2012,25.87999916
222,10/2/2012,25.87999916
223,10/3/2012,25.87999916
224,10/4/2012,25.87999916
225,10/5/2012,25.87999916
226,10/8/2012,25.87999916
227,10/9/2012,26.12999916
228,10/10/2012,26.01000023
229,10/11/2012,26.23999977
230,10/12/2012,26.23999977
231,10/15/2012,26.23999977
232,10/16/2012,26.23999977
233,10/17/2012,26.23999977
234,10/18/2012,26.23999977
235,10/19/2012,26.23999977
236,10/22/2012,26.23999977
237,10/23/2012,25
238,10/24/2012,24.93000031
239,10/25/2012,24.86000061
240,10/26/2012,24.86000061
241,10/31/2012,24.64999962
242,11/1/2012,24.84000015
243,11/2/2012,24.79999924
244,11/5/2012,24.31999969
245,11/6/2012,24.31999969
246,11/7/2012,24.31999969
247,11/8/2012,24.31999969
248,11/9/2012,24.09000015
249,11/12/2012,24.09000015
250,11/13/2012,24.31999969
251,11/14/2012,24.31999969
252,11/15/2012,24.31999969
253,11/16/2012,24.31999969
254,11/19/2012,24.31999969
255,11/20/2012,24.31999969
256,11/21/2012,24.31999969
257,11/23/2012,24.31999969
258,11/26/2012,24.70000076
259,11/27/2012,24.70000076
260,11/28/2012,24.70000076
261,11/29/2012,25.10000038
262,11/30/2012,25.25
263,12/3/2012,25.46999931
264,12/4/2012,25.48999977
265,12/5/2012,25.65999985
266,12/6/2012,25.36000061
267,12/7/2012,25.51000023
268,12/10/2012,25.79999924
269,12/11/2012,25.69000053
270,12/12/2012,25.89999962
271,12/13/2012,25.62999916
272,12/14/2012,25.62999916
273,12/17/2012,25.54000092
274,12/18/2012,25.37999916
275,12/19/2012,25.11000061
276,12/20/2012,24.62000084
277,12/21/2012,24.62000084
278,12/24/2012,24.62000084
279,12/26/2012,24.62000084
280,12/27/2012,24.62000084
281,12/28/2012,25.01000023
282,12/31/2012,25.01000023
283,1/2/2013,26.01000023
284,1/3/2013,25.93000031
285,1/4/2013,25.76000023
286,1/7/2013,25.60000038
287,1/8/2013,25.60000038
288,1/9/2013,25.60000038
289,1/10/2013,25.60000038
290,1/11/2013,25.5
291,1/14/2013,25.5
292,1/15/2013,25.5
293,1/16/2013,25.20000076
294,1/17/2013,25.53000069
295,1/18/2013,25.65999985
296,1/22/2013,25.84000015
297,1/23/2013,25.76000023
298,1/24/2013,25.62000084
299,1/25/2013,25.45999908
300,1/28/2013,25.57999992
301,1/29/2013,25.75
302,1/30/2013,26.15999985
303,1/31/2013,26.15999985
304,2/1/2013,26.37999916
305,2/4/2013,26.30999947
306,2/5/2013,26.29000092
307,2/6/2013,26.29000092
308,2/7/2013,25.97999954
309,2/8/2013,25.97999954
310,2/11/2013,25.97999954
311,2/12/2013,26
312,2/13/2013,26.15999985
313,2/14/2013,26.15999985
314,2/15/2013,26.02000046
315,2/19/2013,26.02000046
316,2/20/2013,25.38999939
317,2/21/2013,24.73999977
318,2/22/2013,24.64999962
319,2/25/2013,24.77000046
320,2/26/2013,24.84000015
321,2/27/2013,24.82999992
322,2/28/2013,24.82999992
323,3/1/2013,24.43000031
324,3/4/2013,24.43000031
325,3/5/2013,24.51000023
326,3/6/2013,24.30999947
327,3/7/2013,24.47999954
328,3/8/2013,24.45000076
329,3/11/2013,24.5
330,3/12/2013,24.72999954
331,3/13/2013,24.55999947
332,3/14/2013,24.59000015
333,3/15/2013,24.47999954
334,3/18/2013,24.47999954
335,3/19/2013,23.62000084
336,3/20/2013,23.92000008
337,3/21/2013,23.95000076
338,3/22/2013,24.12999916
339,3/25/2013,24
340,3/26/2013,24.03000069
341,3/27/2013,24.01000023
342,3/28/2013,24.01000023
343,4/1/2013,24.01000023
344,4/2/2013,24.01000023
345,4/3/2013,23.25
346,4/4/2013,23.38999939
347,4/5/2013,23.23999977
348,4/8/2013,23.51000023
349,4/9/2013,23.51000023
350,4/10/2013,23.76000023
351,4/11/2013,23.68000031
352,4/12/2013,23.20999908
353,4/15/2013,22.84000015
354,4/16/2013,22.97999954
355,4/17/2013,22.12999916
356,4/18/2013,22.25
357,4/19/2013,21.87000084
358,4/22/2013,21.72999954
359,4/23/2013,21.37000084
360,4/24/2013,21.88999939
361,4/25/2013,22.43000031
362,4/26/2013,21.96999931
363,4/29/2013,22.20999908
364,4/30/2013,22
365,5/1/2013,21.17000008
366,5/2/2013,21.17000008
367,5/3/2013,22.84000015
368,5/6/2013,22.71999931
369,5/7/2013,22.78000069
370,5/8/2013,23.07999992
371,5/9/2013,23.03000069
372,5/10/2013,23.22999954
373,5/13/2013,23.19000053
374,5/14/2013,22.57999992
375,5/15/2013,22.27000046
376,5/16/2013,22.62000084
377,5/17/2013,22.79000092
378,5/20/2013,22.79000092
379,5/21/2013,22.95000076
380,5/22/2013,23.34000015
381,5/23/2013,23.34000015
382,5/24/2013,22.67000008
383,5/28/2013,22.80999947
384,5/29/2013,22.56999969
385,5/30/2013,22.94000053
386,5/31/2013,22.69000053
387,6/3/2013,22.81999969
388,6/4/2013,23.48999977
389,6/5/2013,23.44000053
390,6/6/2013,22.73999977
391,6/7/2013,22.45999908
392,6/10/2013,22.45999908
393,6/11/2013,22.04000092
394,6/12/2013,22.20000076
395,6/13/2013,21.87999916
396,6/14/2013,21.68000031
397,6/17/2013,21.68000031
398,6/18/2013,21.68000031
399,6/19/2013,21.68000031
400,6/20/2013,20.93000031
401,6/21/2013,21.45999908
402,6/24/2013,20.84000015
403,6/25/2013,21.03000069
404,6/26/2013,20.85000038
405,6/27/2013,20.85000038
406,6/28/2013,21.10000038
407,7/1/2013,21.61000061
408,7/2/2013,21.61000061
409,7/3/2013,21.65999985
410,7/5/2013,21.65999985
411,7/8/2013,21.65999985
412,7/9/2013,20.93000031
413,7/10/2013,21.03000069
414,7/11/2013,21.68000031
415,7/12/2013,21.53000069
416,7/15/2013,21.65999985
417,7/16/2013,21.80999947
418,7/17/2013,21.42000008
419,7/18/2013,21.44000053
420,7/19/2013,21.44000053
421,7/22/2013,21.44000053
422,7/23/2013,21.44000053
423,7/24/2013,21.79999924
424,7/25/2013,21.79999924
425,7/26/2013,21.79999924
426,7/29/2013,21.21999931
427,7/30/2013,20.86000061
428,7/31/2013,21.34000015
429,8/1/2013,21.71999931
430,8/2/2013,21.82999992
431,8/5/2013,21.70000076
432,8/6/2013,21.70000076
433,8/7/2013,21.70000076
434,8/8/2013,22.25
435,8/9/2013,22.54999924
436,8/12/2013,22.54000092
437,8/13/2013,22.52000046
438,8/14/2013,22.52000046
439,8/15/2013,22.61000061
440,8/16/2013,22.88999939
441,8/19/2013,22.57999992
442,8/20/2013,22.71999931
443,8/21/2013,22.64999962
444,8/22/2013,22.70000076
445,8/23/2013,22.70000076
446,8/26/2013,22.62000084
447,8/27/2013,22.64999962
448,8/28/2013,22.60000038
449,8/29/2013,22.29000092
450,8/30/2013,22.06999969
451,9/3/2013,22.59000015
452,9/4/2013,22.07999992
453,9/5/2013,22.07999992
454,9/6/2013,22.14999962
455,9/9/2013,22.29000092
456,9/10/2013,22.21999931
457,9/11/2013,22.20999908
458,9/12/2013,22
459,9/13/2013,21.81999969
460,9/16/2013,21.95000076
461,9/17/2013,21.95000076
462,9/18/2013,22.54000092
463,9/19/2013,22.54000092
464,9/20/2013,22.44000053
465,9/23/2013,22.34000015
466,9/24/2013,22.05999947
467,9/25/2013,22.05999947
468,9/26/2013,22.44000053
469,9/27/2013,22.44000053
470,9/30/2013,22.44000053
471,10/1/2013,22.44000053
472,10/2/2013,22.53000069
473,10/3/2013,22.23999977
474,10/4/2013,22.42000008
475,10/7/2013,22.45999908
476,10/8/2013,22.45999908
477,10/9/2013,22.45999908
478,10/10/2013,22.45999908
479,10/11/2013,22.25
480,10/14/2013,22.25
481,10/15/2013,22.25
482,10/16/2013,22.25
483,10/17/2013,22.37999916
484,10/18/2013,22.46999931
485,10/21/2013,22.46999931
486,10/22/2013,22.46999931
487,10/23/2013,22.20000076
488,10/24/2013,22.20000076
489,10/25/2013,22.20000076
490,10/28/2013,22.20000076
491,10/29/2013,22.20000076
492,10/30/2013,22.20000076
493,10/31/2013,22.51000023
494,11/1/2013,22.51000023
495,11/4/2013,22.51000023
496,11/5/2013,22.51000023
497,11/6/2013,22.51000023
498,11/7/2013,22
499,11/8/2013,22
500,11/11/2013,22
501,11/12/2013,21.84000015
502,11/13/2013,21.45999908
503,11/14/2013,21.45999908
504,11/15/2013,21.54000092
505,11/18/2013,21.39999962
506,11/19/2013,21.47999954
507,11/20/2013,21.47999954
508,11/21/2013,21.47999954
509,11/22/2013,21.78000069
510,11/25/2013,21.85000038
511,11/26/2013,21.85000038
512,11/27/2013,21.85000038
513,11/29/2013,21.85000038
514,12/2/2013,21.45000076
515,12/3/2013,21.42000008
516,12/4/2013,21.86000061
517,12/5/2013,21.73999977
518,12/6/2013,21.87999916
519,12/9/2013,21.95000076
520,12/10/2013,22
521,12/11/2013,22
522,12/12/2013,22.23999977
523,12/13/2013,22.23999977
524,12/16/2013,22.42000008
525,12/17/2013,22.45000076
526,12/18/2013,22.45000076
527,12/19/2013,22.45000076
528,12/20/2013,22.23999977
529,12/23/2013,22.30999947
530,12/24/2013,22.76000023
531,12/26/2013,22.88999939
532,12/27/2013,22.88999939
533,12/30/2013,22.88999939
534,12/31/2013,22.89999962
535,1/2/2014,22.78000069
536,1/3/2014,22.65999985
537,1/6/2014,22.65999985
538,1/7/2014,22.60000038
539,1/8/2014,22.57999992
540,1/9/2014,22.22999954
541,1/10/2014,22.45999908
542,1/13/2014,22.56999969
543,1/14/2014,22.48999977
544,1/15/2014,22.48999977
545,1/16/2014,22.45999908
546,1/17/2014,22.54000092
547,1/21/2014,22.34000015
548,1/22/2014,22.48999977
549,1/23/2014,22.13999939
550,1/24/2014,22
551,1/27/2014,21.94000053
552,1/28/2014,21.87999916
553,1/29/2014,21.80999947
554,1/30/2014,21.69000053
555,1/31/2014,21.45999908
556,2/3/2014,21.36000061
557,2/4/2014,21.36000061
558,2/5/2014,21.36000061
559,2/6/2014,21.36000061
560,2/7/2014,21.81999969
561,2/10/2014,21.70999908
562,2/11/2014,21.70999908
563,2/12/2014,21.70999908
564,2/13/2014,21.70999908
565,2/14/2014,21.70999908
566,2/18/2014,21.70999908
567,2/19/2014,21.98999977
568,2/20/2014,21.96999931
569,2/21/2014,21.98999977
570,2/24/2014,21.70999908
571,2/25/2014,21.70999908
572,2/26/2014,21.70999908
573,2/27/2014,21.70999908
574,2/28/2014,21.52000046
575,3/3/2014,21.44000053
576,3/4/2014,21.73999977
577,3/5/2014,21.69000053
578,3/6/2014,21.79999924
579,3/7/2014,20.86000061
580,3/10/2014,20.63999939
581,3/11/2014,19.96999931
582,3/12/2014,20.04999924
583,3/13/2014,19.81999969
584,3/14/2014,19.94000053
585,3/17/2014,20.02000046
586,3/18/2014,19.93000031
587,3/19/2014,20.20000076
588,3/20/2014,19.89999962
589,3/21/2014,19.96999931
590,3/24/2014,19.95999908
591,3/25/2014,20.29000092
592,3/26/2014,20.01000023
593,3/27/2014,20.29000092
594,3/28/2014,20.57999992
595,3/31/2014,20.54000092
596,4/1/2014,20.59000015
597,4/2/2014,20.59000015
598,4/3/2014,20.45000076
599,4/4/2014,20.30999947
600,4/7/2014,20.30999947
601,4/8/2014,20.56999969
602,4/9/2014,20.56999969
603,4/10/2014,20.38999939
604,4/11/2014,20.40999985
605,4/14/2014,20.48999977
606,4/15/2014,20.23999977
607,4/16/2014,20.46999931
608,4/17/2014,20.46999931
609,4/21/2014,20.53000069
610,4/22/2014,20.55999947
611,4/23/2014,20.62999916
612,4/24/2014,20.95000076
613,4/25/2014,20.89999962
614,4/28/2014,20.98999977
615,4/29/2014,20.79000092
616,4/30/2014,20.45000076
617,5/1/2014,20.45000076
618,5/2/2014,20.73999977
619,5/5/2014,20.68000031
620,5/6/2014,20.64999962
621,5/7/2014,20.52000046
622,5/8/2014,20.65999985
623,5/9/2014,20.73999977
624,5/12/2014,21.15999985
625,5/13/2014,21.05999947
626,5/14/2014,21.34000015
627,5/15/2014,21.17000008
628,5/16/2014,21.18000031
629,5/19/2014,21.18000031
630,5/20/2014,21.18000031
631,5/21/2014,21.01000023
632,5/22/2014,21.12999916
633,5/23/2014,21.32999992
634,5/27/2014,21.30999947
635,5/28/2014,21.47999954
636,5/29/2014,21.47999954
637,5/30/2014,21.09000015
638,6/2/2014,21.09000015
639,6/3/2014,21.09000015
640,6/4/2014,20.79000092
641,6/5/2014,20.79000092
642,6/6/2014,20.62000084
643,6/9/2014,20.47999954
644,6/10/2014,20.69000053
645,6/11/2014,20.69000053
646,6/12/2014,20.44000053
647,6/13/2014,20.37000084
648,6/16/2014,20.64999962
649,6/17/2014,20.64999962
650,6/18/2014,20.64999962
651,6/19/2014,20.71999931
652,6/20/2014,21
653,6/23/2014,21.21999931
654,6/24/2014,21.19000053
655,6/25/2014,21.38999939
656,6/26/2014,21.38999939
657,6/27/2014,21.32999992
658,6/30/2014,21.43000031
659,7/1/2014,21.60000038
660,7/2/2014,22.10000038
661,7/3/2014,22.20999908
662,7/7/2014,22.05999947
663,7/8/2014,22.07999992
664,7/9/2014,21.96999931
665,7/10/2014,22.07999992
666,7/11/2014,22.07999992
667,7/14/2014,21.94000053
668,7/15/2014,21.95000076
669,7/16/2014,21.77000046
670,7/17/2014,21.88999939
671,7/18/2014,21.65999985
672,7/21/2014,21.79000092
673,7/22/2014,21.71999931
674,7/23/2014,21.84000015
675,7/24/2014,22.20999908
676,7/25/2014,22.04999924
677,7/28/2014,21.98999977
678,7/29/2014,21.93000031
679,7/30/2014,22.03000069
680,7/31/2014,21.95999908
681,8/1/2014,21.80999947
682,8/4/2014,22
683,8/5/2014,21.71999931
684,8/6/2014,21.42000008
685,8/7/2014,21.51000023
686,8/8/2014,21.54000092
687,8/11/2014,21.48999977
688,8/12/2014,21.35000038
689,8/13/2014,21.07999992
690,8/14/2014,20.92000008
691,8/15/2014,21.12999916
692,8/18/2014,21.09000015
693,8/19/2014,21
694,8/20/2014,21.37999916
695,8/21/2014,21.53000069
696,8/22/2014,21.53000069
697,8/25/2014,21.53000069
698,8/26/2014,21.70999908
699,8/27/2014,21.62999916
700,8/28/2014,21.62999916
701,8/29/2014,21.62999916
702,9/2/2014,21.37000084
703,9/3/2014,21.12000084
704,9/4/2014,21.31999969
705,9/5/2014,21.34000015
706,9/8/2014,21.34000015
707,9/9/2014,21.34000015
708,9/10/2014,21.34000015
709,9/11/2014,20.93000031
710,9/12/2014,20.82999992
711,9/15/2014,20.82999992
712,9/16/2014,21.31999969
713,9/17/2014,21.31999969
714,9/18/2014,20.89999962
715,9/19/2014,20.77000046
716,9/22/2014,20.48999977
717,9/23/2014,20.48999977
718,9/24/2014,20.68000031
719,9/25/2014,20.47999954
720,9/26/2014,20.47999954
721,9/29/2014,20.52000046
722,9/30/2014,20.29999924
723,10/1/2014,20.29999924
724,10/2/2014,20.29999924
725,10/3/2014,20.27000046
726,10/6/2014,20.44000053
727,10/7/2014,20.43000031
728,10/8/2014,20.42000008
729,10/9/2014,20.38999939
730,10/10/2014,20.35000038
731,10/13/2014,20.55999947
732,10/14/2014,20.63999939
733,10/15/2014,20.20000076
734,10/16/2014,20.05999947
735,10/17/2014,20.05999947
736,10/20/2014,20.13999939
737,10/21/2014,20.48999977
738,10/22/2014,20.26000023
739,10/23/2014,20.47999954
740,10/24/2014,20.53000069
741,10/27/2014,20.5
742,10/28/2014,20.84000015
743,10/29/2014,20.85000038
744,10/30/2014,20.57999992
745,10/31/2014,20.51000023
746,11/3/2014,20.61000061
747,11/4/2014,20.20000076
748,11/5/2014,20.20000076
749,11/6/2014,20.34000015
750,11/7/2014,20.45999908
751,11/10/2014,20.29000092
752,11/11/2014,20.5
753,11/12/2014,20.5
754,11/13/2014,20.06999969
755,11/14/2014,20.45000076
756,11/17/2014,20.45000076
757,11/18/2014,20.45000076
758,11/19/2014,20.37999916
759,11/20/2014,20.27000046
760,11/21/2014,20.37000084
761,11/24/2014,20.22999954
762,11/25/2014,20.18000031
763,11/26/2014,19.88999939
764,11/28/2014,19.30999947
765,12/1/2014,19.42000008
766,12/2/2014,19.52000046
767,12/3/2014,19.52000046
768,12/4/2014,13.05000019
769,12/5/2014,19.55999947
770,12/8/2014,19.5
771,12/9/2014,19.67000008
772,12/10/2014,19.48999977
773,12/11/2014,19.77000046
774,12/12/2014,19.79000092
775,12/15/2014,19.79000092
776,12/16/2014,19.26000023
777,12/17/2014,19.26000023
778,12/18/2014,19.20000076
779,12/19/2014,19.48999977
780,12/22/2014,19.48999977
781,12/23/2014,19.23999977
782,12/24/2014,19.23999977
783,12/26/2014,18.90999985
784,12/29/2014,19.09000015
785,12/30/2014,19.26000023
786,12/31/2014,19.02000046
787,1/2/2015,19.02000046
788,1/5/2015,19.02000046
789,1/6/2015,18.73999977
790,1/7/2015,18.73999977
791,1/8/2015,18.68000031
792,1/9/2015,18.61000061
793,1/12/2015,18.61000061
794,1/13/2015,18.61000061
795,1/14/2015,16.92000008
796,1/15/2015,17.48999977
797,1/16/2015,17.82999992
798,1/20/2015,17.56999969
799,1/21/2015,17.52000046
800,1/22/2015,17.39999962
801,1/23/2015,16.90999985
802,1/26/2015,17.05999947
803,1/27/2015,16.72999954
804,1/28/2015,16.75
805,1/29/2015,16.68000031
806,1/30/2015,16.68000031
807,2/2/2015,11.89999962
808,2/3/2015,17.34000015
809,2/4/2015,17.34000015
810,2/5/2015,17.56999969
811,2/6/2015,17.42000008
812,2/9/2015,17.52000046
813,2/10/2015,17.29000092
814,2/11/2015,17.36000061
815,2/12/2015,17.70000076
816,2/13/2015,17.70000076
817,2/17/2015,17.29999924
818,2/18/2015,17.62000084
819,2/19/2015,17.65999985
820,2/20/2015,17.54000092
821,2/23/2015,17.45000076
822,2/24/2015,17.45000076
823,2/25/2015,17.97999954
824,2/26/2015,18.55999947
825,2/27/2015,17.97999954
826,3/2/2015,17.97999954
827,3/3/2015,17.97999954
828,3/4/2015,17.97999954
829,3/5/2015,18.02000046
830,3/6/2015,17.65999985
831,3/9/2015,18.04999924
832,3/10/2015,17.62000084
833,3/11/2015,17.69000053
834,3/12/2015,17.69000053
835,3/13/2015,18.09000015
836,3/16/2015,18.09000015
837,3/17/2015,17.90999985
838,3/18/2015,17.52000046
839,3/19/2015,17.52000046
840,3/20/2015,18.29000092
841,3/23/2015,19.46999931
842,3/24/2015,18.86000061
843,3/25/2015,18.86000061
844,3/26/2015,19.05999947
845,3/27/2015,19.05999947
846,3/30/2015,18.79999924
847,3/31/2015,18.59000015
848,4/1/2015,18.43000031
849,4/2/2015,18.43000031
850,4/6/2015,18.43000031
851,4/7/2015,18.65999985
852,4/8/2015,18.44000053
853,4/9/2015,18.44000053
854,4/10/2015,18.54999924
855,4/13/2015,18.44000053
856,4/14/2015,17.97999954
857,4/15/2015,18.27000046
858,4/16/2015,18.65999985
859,4/17/2015,18.65999985
860,4/20/2015,18.45999908
861,4/21/2015,18.20999908
862,4/22/2015,18.04999924
863,4/23/2015,18.36000061
864,4/24/2015,18.36000061
865,4/27/2015,18.75
866,4/28/2015,18.75
867,4/29/2015,18.85000038
868,4/30/2015,19.37000084
869,5/1/2015,19.85000038
870,5/4/2015,19.63999939
871,5/5/2015,19.79000092
872,5/6/2015,19.65999985
873,5/7/2015,19.63999939
874,5/8/2015,19.63999939
875,5/11/2015,19.63999939
876,5/12/2015,19.70999908
877,5/13/2015,19.71999931
878,5/14/2015,19.70999908
879,5/15/2015,19.70999908
880,5/18/2015,19.65999985
881,5/19/2015,19.10000038
882,5/20/2015,19.03000069
883,5/21/2015,19.30999947
884,5/22/2015,18.87999916
885,5/26/2015,18.87999916
886,5/27/2015,18.89999962
887,5/28/2015,18.89999962
888,5/29/2015,18.5
889,6/1/2015,18.5
890,6/2/2015,18.5
891,6/3/2015,18.47999954
892,6/4/2015,18.12999916
893,6/5/2015,18.12999916
894,6/8/2015,18.12999916
895,6/9/2015,18.45000076
896,6/10/2015,18.45000076
897,6/11/2015,18.45000076
898,6/12/2015,18.45000076
899,6/15/2015,17.82999992
900,6/16/2015,17.82999992
901,6/17/2015,17.82999992
902,6/18/2015,17.82999992
903,6/19/2015,16.95999908
904,6/22/2015,17.04000092
905,6/23/2015,17.60000038
906,6/24/2015,17.61000061
907,6/25/2015,17.61000061
908,6/26/2015,19.29999924
909,6/29/2015,19.29999924
910,6/30/2015,17.69000053
911,7/1/2015,17.80999947
912,7/2/2015,17.85000038
913,7/6/2015,17.11000061
914,7/7/2015,16.57999992
915,7/8/2015,16.88999939
916,7/9/2015,17.20000076
917,7/10/2015,17.09000015
918,7/13/2015,17.20000076
919,7/14/2015,17.15999985
920,7/15/2015,17.15999985
921,7/16/2015,17
922,7/17/2015,16.85000038
923,7/20/2015,16.62000084
924,7/21/2015,16.65999985
925,7/22/2015,16.39999962
926,7/23/2015,16.10000038
927,7/24/2015,16.10000038
928,7/27/2015,15.89999962
929,7/28/2015,16.23999977
930,7/29/2015,16.14999962
931,7/30/2015,16.14999962
932,7/31/2015,16.14999962
933,8/3/2015,15.85000038
934,8/4/2015,15.85000038
935,8/5/2015,15.77000046
936,8/6/2015,15.85999966
937,8/7/2015,15.72999954
938,8/10/2015,15.72999954
939,8/11/2015,15.77999973
940,8/12/2015,15.85000038
941,8/13/2015,15.85000038
942,8/14/2015,15.72999954
943,8/17/2015,15.56000042
944,8/18/2015,15.30000019
945,8/19/2015,15.31999969
946,8/20/2015,15.57999992
947,8/21/2015,15.42000008
948,8/24/2015,14.98999977
949,8/25/2015,15.43999958
950,8/26/2015,15.03999996
951,8/27/2015,15.64999962
952,8/28/2015,15.78999996
953,8/31/2015,15.73999977
954,9/1/2015,15.43999958
955,9/2/2015,15.60999966
956,9/3/2015,15.93000031
957,9/4/2015,15.59000015
958,9/8/2015,16.28000069
959,9/9/2015,16.27000046
960,9/10/2015,16.36000061
961,9/11/2015,16.36000061
962,9/14/2015,16.29999924
963,9/15/2015,16.06999969
964,9/16/2015,16.06999969
965,9/17/2015,16.60000038
966,9/18/2015,15.92000008
967,9/21/2015,16.06999969
968,9/22/2015,15.47999954
969,9/23/2015,15.47999954
970,9/24/2015,15.39999962
971,9/25/2015,15.28999996
972,9/28/2015,14.98999977
973,9/29/2015,15.14000034
974,9/30/2015,15.60000038
975,10/1/2015,15.36999989
976,10/2/2015,15.64000034
977,10/5/2015,15.78999996
978,10/6/2015,15.76000023
979,10/7/2015,15.75
980,10/8/2015,15.73999977
981,10/9/2015,15.73999977
982,10/12/2015,16.09000015
983,10/13/2015,16
984,10/14/2015,16
985,10/15/2015,16
986,10/16/2015,16.12999916
987,10/19/2015,15.85000038
988,10/20/2015,15.85000038
989,10/21/2015,15.85000038
990,10/22/2015,15.85000038
991,10/23/2015,15.85000038
992,10/26/2015,15.85000038
993,10/27/2015,15.85000038
994,10/28/2015,15.85000038
995,10/29/2015,15.67000008
996,10/30/2015,15.40999985
997,11/2/2015,15.40999985
998,11/3/2015,15.55000019
999,11/4/2015,15.64999962
1000,11/5/2015,15.64999962
1001,11/6/2015,15.64999962
1002,11/9/2015,14.97999954
1003,11/10/2015,14.80000019
1004,11/11/2015,14.80000019
1005,11/12/2015,14.5
1006,11/13/2015,14.5
1007,11/16/2015,14.14999962
1008,11/17/2015,14.14999962
1009,11/18/2015,13.81999969
1010,11/19/2015,13.92000008
1011,11/20/2015,13.71000004
1012,11/23/2015,13.43999958
1013,11/24/2015,13.85000038
1014,11/25/2015,13.64999962
1015,11/27/2015,13.64999962
1016,11/30/2015,13.68999958
1017,12/1/2015,13.77999973
1018,12/2/2015,13.63000011
1019,12/3/2015,13.65999985
1020,12/4/2015,13.81999969
1021,12/7/2015,13.59000015
1022,12/8/2015,13.77000046
1023,12/9/2015,13.77999973
1024,12/10/2015,13.78999996
1025,12/11/2015,14.06000042
1026,12/14/2015,14.02000046
1027,12/15/2015,13.71000004
1028,12/16/2015,13.85999966
1029,12/17/2015,13.63000011
1030,12/18/2015,14.02000046
1031,12/21/2015,14.27000046
1032,12/22/2015,13.96000004
1033,12/23/2015,14.10000038
1034,12/24/2015,14.14999962
1035,12/28/2015,13.93000031
1036,12/29/2015,14.23999977
1037,12/30/2015,14.23999977
1038,12/31/2015,14.27000046
1039,1/4/2016,13.85999966
1040,1/5/2016,13.85999966
1041,1/6/2016,13.90999985
1042,1/7/2016,13.44999981
1043,1/8/2016,13.43999958
1044,1/11/2016,13.17000008
1045,1/12/2016,13.06000042
1046,1/13/2016,12.98999977
1047,1/14/2016,13.13000011
1048,1/15/2016,12.97000027
1049,1/19/2016,14.39000034
1050,1/20/2016,13.23999977
1051,1/21/2016,13.21000004
1052,1/22/2016,13.35000038
1053,1/25/2016,13.27999973
1054,1/26/2016,13.47000027
1055,1/27/2016,13.61999989
1056,1/28/2016,13.61999989
1057,1/29/2016,13.61999989
1058,2/1/2016,13.72000027
1059,2/2/2016,13.56000042
1060,2/3/2016,13.56000042
1061,2/4/2016,14.09000015
1062,2/5/2016,13.85000038
1063,2/8/2016,13.89000034
1064,2/9/2016,13.51000023
1065,2/10/2016,13.22000027
1066,2/11/2016,13.38000011
1067,2/12/2016,13.48999977
1068,2/16/2016,13.48999977
1069,2/17/2016,13.82999992
1070,2/18/2016,13.81999969
1071,2/19/2016,13.78999996
1072,2/22/2016,14.14000034
1073,2/23/2016,14.06000042
1074,2/24/2016,14.11999989
1075,2/25/2016,13.84000015
1076,2/26/2016,14.10000038
1077,2/29/2016,14.09000015
1078,3/1/2016,14.28999996
1079,3/2/2016,14.46000004
1080,3/3/2016,14.68000031
1081,3/4/2016,14.98999977
1082,3/7/2016,15.14999962
1083,3/8/2016,14.77999973
1084,3/9/2016,14.90999985
1085,3/10/2016,14.72999954
1086,3/11/2016,14.90999985
1087,3/14/2016,14.93999958
1088,3/15/2016,14.92000008
1089,3/16/2016,15.09000015
1090,3/17/2016,15.30000019
1091,3/18/2016,15.32999992
1092,3/21/2016,15.28999996
1093,3/22/2016,15.25
1094,3/23/2016,14.85000038
1095,3/24/2016,14.80000019
1096,3/28/2016,14.89000034
1097,3/29/2016,14.69999981
1098,3/30/2016,14.52999973
1099,3/31/2016,14.52999973
1100,4/1/2016,14.40999985
1101,4/4/2016,14.36999989
1102,4/5/2016,14.27999973
1103,4/6/2016,14.21000004
1104,4/7/2016,13.78999996
1105,4/8/2016,13.86999989
1106,4/11/2016,13.90999985
1107,4/12/2016,14.31000042
1108,4/13/2016,14.48999977
1109,4/14/2016,14.52999973
1110,4/15/2016,14.39000034
1111,4/18/2016,14.48999977
1112,4/19/2016,14.82999992
1113,4/20/2016,14.81000042
1114,4/21/2016,14.98999977
1115,4/22/2016,15.01000023
1116,4/25/2016,14.89000034
1117,4/26/2016,14.89000034
1118,4/27/2016,14.75
1119,4/28/2016,14.78999996
1120,4/29/2016,15.06000042
1121,5/2/2016,15.03999996
1122,5/3/2016,14.72999954
1123,5/4/2016,14.51000023
1124,5/5/2016,14.25
1125,5/6/2016,14.22000027
1126,5/9/2016,14.22000027
1127,5/10/2016,13.86999989
1128,5/11/2016,13.86999989
1129,5/12/2016,13.81000042
1130,5/13/2016,13.89999962
1131,5/16/2016,13.86999989
1132,5/17/2016,13.75
1133,5/18/2016,13.77000046
1134,5/19/2016,13.69999981
1135,5/20/2016,13.60999966
1136,5/23/2016,13.56000042
1137,5/24/2016,13.71000004
1138,5/25/2016,13.93999958
1139,5/26/2016,13.98999977
1140,5/27/2016,13.96000004
1141,5/31/2016,13.92000008
1142,6/1/2016,13.75
1143,6/2/2016,13.76000023
1144,6/3/2016,13.98999977
1145,6/6/2016,14.03999996
1146,6/7/2016,13.64000034
1147,6/8/2016,13.64000034
1148,6/9/2016,13.47999954
1149,6/10/2016,13.47999954
1150,6/13/2016,13.47999954
1151,6/14/2016,13.47999954
1152,6/15/2016,13.86999989
1153,6/16/2016,13.86999989
1154,6/17/2016,13.64999962
1155,6/20/2016,13.81999969
1156,6/21/2016,13.97999954
1157,6/22/2016,14.11999989
1158,6/23/2016,14.25
1159,6/24/2016,13.90999985
1160,6/27/2016,13.98999977
1161,6/28/2016,14.39999962
1162,6/29/2016,14.40999985
1163,6/30/2016,14.5
1164,7/1/2016,14.73999977
1165,7/5/2016,14.36999989
1166,7/6/2016,14.18999958
1167,7/7/2016,13.93999958
1168,7/8/2016,13.93999958
1169,7/11/2016,14.19999981
1170,7/12/2016,14.61999989
1171,7/13/2016,14.80000019
1172,7/14/2016,14.71000004
1173,7/15/2016,15.02999973
1174,7/18/2016,14.81000042
1175,7/19/2016,14.92000008
1176,7/20/2016,14.85999966
1177,7/21/2016,14.86999989
1178,7/22/2016,14.61999989
1179,7/25/2016,14.71000004
1180,7/26/2016,14.69999981
1181,7/27/2016,14.5
1182,7/28/2016,14.59000015
1183,7/29/2016,14.60999966
1184,8/1/2016,14.57999992
1185,8/2/2016,14.48999977
1186,8/3/2016,14.55000019
1187,8/4/2016,14.55000019
1188,8/5/2016,14.22000027
1189,8/8/2016,14.22000027
1190,8/9/2016,14.21000004
1191,8/10/2016,14.39999962
1192,8/11/2016,14.40999985
1193,8/12/2016,14.03999996
1194,8/15/2016,14.18999958
1195,8/16/2016,14.31999969
1196,8/17/2016,14.31999969
1197,8/18/2016,14.31999969
1198,8/19/2016,14.39999962
1199,8/22/2016,14.09000015
1200,8/23/2016,13.88000011
1201,8/24/2016,13.76000023
1202,8/25/2016,13.76000023
1203,8/26/2016,13.64999962
1204,8/29/2016,13.64000034
1205,8/30/2016,13.63000011
1206,8/31/2016,13.69999981
1207,9/1/2016,13.69999981
1208,9/2/2016,13.69999981
1209,9/6/2016,13.90999985
1210,9/7/2016,13.85000038
1211,9/8/2016,13.78999996
1212,9/9/2016,13.63000011
1213,9/12/2016,13.81000042
1214,9/13/2016,13.77999973
1215,9/14/2016,13.77999973
1216,9/15/2016,14.14000034
1217,9/16/2016,14.19999981
1218,9/19/2016,14.17000008
1219,9/20/2016,14.17000008
1220,9/21/2016,14.14999962
1221,9/22/2016,14.39000034
1222,9/23/2016,14.48999977
1223,9/26/2016,14.36999989
1224,9/27/2016,14.36999989
1225,9/28/2016,14.30000019
1226,9/29/2016,14.35000038
1227,9/30/2016,14.5
1228,10/3/2016,14.39000034
1229,10/4/2016,14.22000027
1230,10/5/2016,14.22999954
1231,10/6/2016,14.18000031
1232,10/7/2016,14.27999973
1233,10/10/2016,14.38000011
1234,10/11/2016,14.38000011
1235,10/12/2016,14.38000011
1236,10/13/2016,13.98999977
1237,10/14/2016,13.85999966
1238,10/17/2016,13.84000015
1239,10/18/2016,13.84000015
1240,10/19/2016,13.77999973
1241,10/20/2016,13.78999996
1242,10/21/2016,13.78999996
1243,10/24/2016,13.69999981
1244,10/25/2016,14.06999969
1245,10/26/2016,14.07999992
1246,10/27/2016,14.19999981
1247,10/28/2016,14.38000011
1248,10/31/2016,14.44999981
1249,11/1/2016,14.59000015
1250,11/2/2016,14.53999996
1251,11/3/2016,14.67000008
1252,11/4/2016,14.85000038
1253,11/7/2016,15.15999985
1254,11/8/2016,15.63000011
1255,11/9/2016,16.10000038
1256,11/10/2016,16.70000076
1257,11/11/2016,16.54999924
1258,11/14/2016,16.45000076
1259,11/15/2016,16.38999939
1260,11/16/2016,16.15999985
1261,11/17/2016,16.37000084
1262,11/18/2016,16.32999992
1263,11/21/2016,16.57999992
1264,11/22/2016,16.76000023
1265,11/23/2016,17.20000076
1266,11/25/2016,17.61000061
1267,11/28/2016,17.40999985
1268,11/29/2016,17.11000061
1269,11/30/2016,16.88999939
1270,12/1/2016,17.29999924
1271,12/2/2016,17.17000008
1272,12/5/2016,17.52000046
1273,12/6/2016,17.53000069
1274,12/7/2016,17.29999924
1275,12/8/2016,17.07999992
1276,12/9/2016,17.29999924
1277,12/12/2016,17.04999924
1278,12/13/2016,17.01000023
1279,12/14/2016,16.98999977
1280,12/15/2016,16.84000015
1281,12/16/2016,16.59000015
1282,12/19/2016,16.20999908
1283,12/20/2016,16.29999924
1284,12/21/2016,16.29999924
1285,12/22/2016,16.38999939
1286,12/23/2016,16.27000046
1287,12/27/2016,16.36000061
1288,12/28/2016,16.29000092
1289,12/29/2016,16.26000023
1290,12/30/2016,16.35000038
1291,1/3/2017,16.23999977
1292,1/4/2017,16.63999939
1293,1/5/2017,16.47999954
1294,1/6/2017,16.46999931
1295,1/9/2017,16.59000015
1296,1/10/2017,17.04000092
1297,1/11/2017,16.88999939
1298,1/12/2017,17.32999992
1299,1/13/2017,17.59000015
1300,1/17/2017,17.12999916
1301,1/18/2017,17.12000084
1302,1/19/2017,17
1303,1/20/2017,17.13999939
1304,1/23/2017,17.32999992
1305,1/24/2017,17.72999954
1306,1/25/2017,17.72999954
1307,1/26/2017,17.46999931
1308,1/27/2017,17.62000084
1309,1/30/2017,17.42000008
1310,1/31/2017,17.78000069
1311,2/1/2017,17.68000031
1312,2/2/2017,17.45999908
1313,2/3/2017,17.13999939
1314,2/6/2017,17.19000053
1315,2/7/2017,17.20999908
1316,2/8/2017,17.51000023
1317,2/9/2017,17.26000023
1318,2/10/2017,18.10000038
1319,2/13/2017,18.26000023
1320,2/14/2017,17.87000084
1321,2/15/2017,18.09000015
1322,2/16/2017,17.82999992
1323,2/17/2017,17.70999908
1324,2/21/2017,17.96999931
1325,2/22/2017,17.88999939
1326,2/23/2017,17.30999947
1327,2/24/2017,17.51000023
1328,2/27/2017,17.54000092
1329,2/28/2017,17.59000015
1330,3/1/2017,17.75
1331,3/2/2017,17.53000069
1332,3/3/2017,17.67000008
1333,3/6/2017,17.35000038
1334,3/7/2017,17.06999969
1335,3/8/2017,16.94000053
1336,3/9/2017,16.90999985
1337,3/10/2017,16.95000076
1338,3/13/2017,17.14999962
1339,3/14/2017,17.20999908
1340,3/15/2017,17.42000008
1341,3/16/2017,17.38999939
1342,3/17/2017,17.59000015
1343,3/20/2017,17.30999947
1344,3/21/2017,17.05999947
1345,3/22/2017,17.23999977
1346,3/23/2017,17.28000069
1347,3/24/2017,17.20000076
1348,3/27/2017,17.12999916
1349,3/28/2017,17.42000008
1350,3/29/2017,17.39999962
1351,3/30/2017,17.43000031
1352,3/31/2017,17.30999947
1353,4/3/2017,17
1354,4/4/2017,17.11000061
1355,4/5/2017,17.51000023
1356,4/6/2017,17.36000061
1357,4/7/2017,17.26000023
1358,4/10/2017,17.04000092
1359,4/11/2017,17.05999947
1360,4/12/2017,16.63999939
1361,4/13/2017,16.75
1362,4/17/2017,16.94000053
1363,4/18/2017,16.56999969
1364,4/19/2017,16.54999924
1365,4/20/2017,16.63999939
1366,4/21/2017,16.63999939
1367,4/24/2017,16.69000053
1368,4/25/2017,16.95999908
1369,4/26/2017,16.94000053
1370,4/27/2017,16.80999947
1371,4/28/2017,16.89999962
1372,5/1/2017,17.27000046
1373,5/2/2017,17.10000038
1374,5/3/2017,16.39999962
1375,5/4/2017,16.29999924
1376,5/5/2017,16.44000053
1377,5/8/2017,16.10000038
1378,5/9/2017,16.12999916
1379,5/10/2017,16.27000046
1380,5/11/2017,16.36000061
1381,5/12/2017,16.42000008
1382,5/15/2017,16.45000076
1383,5/16/2017,16.63999939
1384,5/17/2017,16.53000069
1385,5/18/2017,16.43000031
1386,5/19/2017,16.82999992
1387,5/22/2017,16.85000038
1388,5/23/2017,16.79000092
1389,5/24/2017,16.80999947
1390,5/25/2017,16.87000084
1391,5/26/2017,16.65999985
1392,5/30/2017,16.61000061
1393,5/31/2017,16.76000023
1394,6/1/2017,16.85000038
1395,6/2/2017,16.70000076
1396,6/5/2017,16.60000038
1397,6/6/2017,16.54999924
1398,6/7/2017,16.67000008
1399,6/8/2017,16.85000038
1400,6/9/2017,17.05999947
1401,6/12/2017,16.89999962
1402,6/13/2017,16.82999992
1403,6/14/2017,16.82999992
1404,6/15/2017,16.63999939
1405,6/16/2017,16.63999939
1406,6/19/2017,16.79999924
1407,6/20/2017,16.79999924
1408,6/21/2017,16.82999992
1409,6/22/2017,16.82999992
1410,6/23/2017,16.98999977
1411,6/26/2017,17.02000046
1412,6/27/2017,17.06999969
1413,6/28/2017,17.23999977
1414,6/29/2017,17.23999977
1415,6/30/2017,17.45999908
1416,7/3/2017,17.27000046
1417,7/5/2017,17.12999916
1418,7/6/2017,17.20000076
1419,7/7/2017,17.20000076
1420,7/10/2017,17.04999924
1421,7/11/2017,17.04999924
1422,7/12/2017,17.04999924
1423,7/13/2017,17.04999924
1424,7/14/2017,17.04999924
1425,7/17/2017,17.61000061
1426,7/18/2017,17.64999962
1427,7/19/2017,17.64999962
1428,7/20/2017,17.55999947
1429,7/21/2017,17.52000046
1430,7/24/2017,17.52000046
1431,7/25/2017,18.27000046
1432,7/26/2017,18.56999969
1433,7/27/2017,18.54000092
1434,7/28/2017,18.59000015
1435,7/31/2017,18.63999939
1436,8/1/2017,18.56999969
1437,8/2/2017,18.61000061
1438,8/3/2017,18.57999992
1439,8/4/2017,18.62000084
1440,8/7/2017,18.73999977
1441,8/8/2017,18.93000031
1442,8/9/2017,18.82999992
1443,8/10/2017,18.72999954
1444,8/11/2017,18.79000092
1445,8/14/2017,18.76000023
1446,8/15/2017,18.63999939
1447,8/16/2017,19.19000053
1448,8/17/2017,18.70999908
1449,8/18/2017,18.92000008
1450,8/21/2017,19.23999977
1451,8/22/2017,19.29999924
1452,8/23/2017,19.28000069
1453,8/24/2017,19.62999916
1454,8/25/2017,19.62999916
1455,8/28/2017,19.85000038
1456,8/29/2017,19.95999908
1457,8/30/2017,19.80999947
1458,8/31/2017,19.79999924
1459,9/1/2017,19.95000076
1460,9/5/2017,20.04000092
1461,9/6/2017,20.20000076
1462,9/7/2017,20.12999916
1463,9/8/2017,19.5
1464,9/11/2017,19.72999954
1465,9/12/2017,19.45999908
1466,9/13/2017,19.07999992
1467,9/14/2017,18.95000076
1468,9/15/2017,18.95000076
1469,9/18/2017,19.04000092
1470,9/19/2017,19.04999924
1471,9/20/2017,18.97999954
1472,9/21/2017,18.81999969
1473,9/22/2017,18.87999916
1474,9/25/2017,18.82999992
1475,9/26/2017,18.73999977
1476,9/27/2017,18.75
1477,9/28/2017,18.75
1478,9/29/2017,18.95000076
1479,10/2/2017,18.93000031
1480,10/3/2017,18.93000031
1481,10/4/2017,18.96999931
1482,10/5/2017,19.5
1483,10/6/2017,19.48999977
1484,10/9/2017,19.51000023
1485,10/10/2017,19.68000031
1486,10/11/2017,19.87000084
1487,10/12/2017,20.04999924
1488,10/13/2017,20.04000092
1489,10/16/2017,20.75
1490,10/17/2017,20.54000092
1491,10/18/2017,20.38999939
1492,10/19/2017,20.37000084
1493,10/20/2017,20.25
1494,10/23/2017,20.39999962
1495,10/24/2017,20.56999969
1496,10/25/2017,20.37999916
1497,10/26/2017,20.43000031
1498,10/27/2017,19.97999954
1499,10/30/2017,20.01000023
1500,10/31/2017,19.89999962
1501,11/1/2017,20.07999992
1502,11/2/2017,20.13999939
1503,11/3/2017,20.05999947
1504,11/6/2017,20.34000015
1505,11/7/2017,19.81999969
1506,11/8/2017,19.92000008
1507,11/9/2017,19.88999939
1508,11/10/2017,19.75
1509,11/13/2017,20.09000015
1510,11/14/2017,19.63999939
1511,11/15/2017,19.64999962
1512,11/16/2017,19.65999985
1513,11/17/2017,19.78000069
1514,11/20/2017,19.88999939
1515,11/21/2017,20.14999962
1516,11/22/2017,20.20000076
1517,11/24/2017,20.42000008
1518,11/27/2017,20.12999916
1519,11/28/2017,19.81999969
1520,11/29/2017,19.61000061
1521,11/30/2017,19.65999985
1522,12/1/2017,19.75
1523,12/4/2017,19.64999962
1524,12/5/2017,18.87999916
1525,12/6/2017,18.97999954
1526,12/7/2017,18.92000008
1527,12/8/2017,19.04999924
1528,12/11/2017,19.21999931
1529,12/12/2017,19.30999947
1530,12/13/2017,19.57999992
1531,12/14/2017,19.55999947
1532,12/15/2017,20
1533,12/18/2017,20.06999969
1534,12/19/2017,20.05999947
1535,12/20/2017,20.40999985
1536,12/21/2017,20.54999924
1537,12/22/2017,20.70000076
1538,12/26/2017,20.88999939
1539,12/27/2017,20.94000053
1540,12/28/2017,21.15999985
1541,12/29/2017,21.05999947
1542,1/2/2018,20.92000008
1543,1/3/2018,20.80999947
1544,1/4/2018,20.78000069
1545,1/5/2018,20.62000084
1546,1/8/2018,20.63999939
1547,1/9/2018,20.53000069
1548,1/10/2018,20.64999962
1549,1/11/2018,20.61000061
1550,1/12/2018,20.59000015
1551,1/16/2018,20.51000023
1552,1/17/2018,20.32999992
1553,1/18/2018,20.42000008
1554,1/19/2018,20.34000015
1555,1/22/2018,20.45000076
1556,1/23/2018,19.94000053
1557,1/24/2018,20.60000038
1558,1/25/2018,20.46999931
1559,1/26/2018,20.45999908
1560,1/29/2018,20.43000031
1561,1/30/2018,20.35000038
1562,1/31/2018,20.45000076
1563,2/1/2018,20.52000046
1564,2/2/2018,20.26000023
1565,2/5/2018,20.45999908
1566,2/6/2018,20.45999908
1567,2/7/2018,19.78000069
1568,2/8/2018,19.62000084
1569,2/9/2018,19.5
1570,2/12/2018,19.79000092
1571,2/13/2018,20.28000069
1572,2/14/2018,20.69000053
1573,2/15/2018,20.70000076
1574,2/16/2018,20.64999962
1575,2/20/2018,20.43000031
1576,2/21/2018,20.5
1577,2/22/2018,20.62000084
1578,2/23/2018,20.54000092
1579,2/26/2018,20.54999924
1580,2/27/2018,20.25
1581,2/28/2018,19.95999908
1582,3/1/2018,19.94000053
1583,3/2/2018,19.95000076
1584,3/5/2018,19.84000015
1585,3/6/2018,20.05999947
1586,3/7/2018,19.97999954
1587,3/8/2018,19.61000061
1588,3/9/2018,20
1589,3/12/2018,19.85000038
1590,3/13/2018,19.96999931
1591,3/14/2018,20.12000084
1592,3/15/2018,19.95000076
1593,3/16/2018,19.75
1594,3/19/2018,19.55999947
1595,3/20/2018,19.37000084
1596,3/21/2018,19.64999962
1597,3/22/2018,19.29999924
1598,3/23/2018,19.04999924
1599,3/26/2018,19.04000092
1600,3/27/2018,19.04000092
1601,3/28/2018,19.12000084
1602,3/29/2018,19.20000076
1603,4/2/2018,19.40999985
1604,4/3/2018,19.51000023
1605,4/4/2018,19.20000076
1606,4/5/2018,19.37000084
1607,4/6/2018,19.42000008
1608,4/9/2018,19.54999924
1609,4/10/2018,19.95000076
1610,4/11/2018,19.85000038
1611,4/12/2018,19.5
1612,4/13/2018,19.55999947
1613,4/16/2018,19.70000076
1614,4/17/2018,19.63999939
1615,4/18/2018,20.14999962
1616,4/19/2018,19.95999908
1617,4/20/2018,20.02000046
1618,4/23/2018,19.80999947
1619,4/24/2018,20.04999924
1620,4/25/2018,20
1621,4/26/2018,19.92000008
1622,4/27/2018,19.53000069
1623,4/30/2018,19.5
1624,5/1/2018,19.36000061
1625,5/2/2018,19.45000076
1626,5/3/2018,19.61000061
1627,5/4/2018,19.54000092
1628,5/7/2018,19.54999924
1629,5/8/2018,19.48999977
1630,5/9/2018,19.40999985
1631,5/10/2018,19.75
1632,5/11/2018,19.76000023
1633,5/14/2018,19.62000084
1634,5/15/2018,19.36000061
1635,5/16/2018,19.53000069
1636,5/17/2018,19.56999969
1637,5/18/2018,19.56999969
1638,5/21/2018,19.56999969
1639,5/22/2018,19.56999969
1640,5/23/2018,19.48999977
1641,5/24/2018,19.69000053
1642,5/25/2018,19.69000053
1643,5/29/2018,19.42000008
1644,5/30/2018,19.54999924
1645,5/31/2018,19.54999924
1646,6/1/2018,19.64999962
1647,6/4/2018,19.97999954
1648,6/5/2018,20.40999985
1649,6/6/2018,20.78000069
1650,6/7/2018,20.70000076
1651,6/8/2018,20.92000008
1652,6/11/2018,20.64999962
1653,6/12/2018,20.59000015
1654,6/13/2018,20.72999954
1655,6/14/2018,20.42000008
1656,6/15/2018,19.93000031
1657,6/18/2018,19.87000084
1658,6/19/2018,19.35000038
1659,6/20/2018,19.32999992
1660,6/21/2018,19.26000023
1661,6/22/2018,19.27000046
1662,6/25/2018,18.93000031
1663,6/26/2018,19.04999924
1664,6/27/2018,18.88999939
1665,6/28/2018,18.73999977
1666,6/29/2018,18.70999908
1667,7/2/2018,18.47999954
1668,7/3/2018,18.43000031
1669,7/5/2018,17.90999985
1670,7/6/2018,17.79999924
1671,7/9/2018,18.14999962
1672,7/10/2018,17.88999939
1673,7/11/2018,17.37999916
1674,7/12/2018,17.56999969
1675,7/13/2018,17.55999947
1676,7/16/2018,17.54000092
1677,7/17/2018,17.37999916
1678,7/18/2018,17.46999931
1679,7/19/2018,17.10000038
1680,7/20/2018,17.37999916
1681,7/23/2018,17.29999924
1682,7/24/2018,17.70000076
1683,7/25/2018,18.04999924
1684,7/26/2018,17.70000076
1685,7/27/2018,17.63999939
1686,7/30/2018,17.64999962
1687,7/31/2018,17.89999962
1688,8/1/2018,17.29000092
1689,8/2/2018,17.25
1690,8/3/2018,17.40999985
1691,8/6/2018,17.21999931
1692,8/7/2018,17.40999985
1693,8/8/2018,17.39999962
1694,8/9/2018,17.45000076
1695,8/10/2018,17.31999969
1696,8/13/2018,17.28000069
1697,8/14/2018,16.95999908
1698,8/15/2018,16.31999969
1699,8/16/2018,16.45999908
1700,8/17/2018,16.81999969
1701,8/20/2018,16.85000038
1702,8/21/2018,16.94000053
1703,8/22/2018,16.87999916
1704,8/23/2018,16.87999916
1705,8/24/2018,17.03000069
1706,8/27/2018,17.06999969
1707,8/28/2018,17.17000008
1708,8/29/2018,17.04999924
1709,8/30/2018,16.87999916
1710,8/31/2018,16.71999931
1711,9/4/2018,16.34000015
1712,9/5/2018,16.42000008
1713,9/6/2018,16.54000092
1714,9/7/2018,16.37999916
1715,9/10/2018,16.45999908
1716,9/11/2018,16.44000053
1717,9/12/2018,16.82999992
1718,9/13/2018,16.81999969
1719,9/14/2018,16.44000053
1720,9/17/2018,16.57999992
1721,9/18/2018,17.14999962
1722,9/19/2018,17.12000084
1723,9/20/2018,17.31999969
1724,9/21/2018,17.85000038
1725,9/24/2018,17.70999908
1726,9/25/2018,17.67000008
1727,9/26/2018,17.70000076
1728,9/27/2018,17.43000031
1729,9/28/2018,17.57999992
1730,10/1/2018,17.47999954
1731,10/2/2018,17.57999992
1732,10/3/2018,17.72999954
1733,10/4/2018,17.46999931
1734,10/5/2018,17.35000038
1735,10/8/2018,17.42000008
1736,10/9/2018,17.62999916
1737,10/10/2018,17.31999969
1738,10/11/2018,17.36000061
1739,10/12/2018,17.68000031
1740,10/15/2018,17.48999977
1741,10/16/2018,17.43000031
1742,10/17/2018,17.37000084
1743,10/18/2018,17.14999962
1744,10/19/2018,17.45999908
1745,10/22/2018,17.44000053
1746,10/23/2018,17.34000015
1747,10/24/2018,17.25
1748,10/25/2018,17.31999969
1749,10/26/2018,17.19000053
1750,10/29/2018,16.96999931
1751,10/30/2018,16.77000046
1752,10/31/2018,16.68000031
1753,11/1/2018,17.04999924
1754,11/2/2018,17.63999939
1755,11/5/2018,17.27000046
1756,11/6/2018,17.13999939
1757,11/7/2018,17.18000031
1758,11/8/2018,17.12000084
1759,11/9/2018,16.84000015
1760,11/12/2018,16.77000046
1761,11/13/2018,16.79000092
1762,11/14/2018,17.05999947
1763,11/15/2018,17.27000046
1764,11/16/2018,17.5
1765,11/19/2018,17.48999977
1766,11/20/2018,17.22999954
1767,11/21/2018,17.47999954
1768,11/23/2018,17.34000015
1769,11/26/2018,17.22999954
1770,11/27/2018,17.04999924
1771,11/28/2018,17.48999977
1772,11/29/2018,17.38999939
1773,11/30/2018,17.42000008
1774,12/3/2018,17.64999962
1775,12/4/2018,17.20000076
1776,12/6/2018,17.15999985
1777,12/7/2018,17.22999954
1778,12/10/2018,16.98999977
1779,12/11/2018,17.25
1780,12/12/2018,17.22999954
1781,12/13/2018,17.27000046
1782,12/14/2018,17.21999931
1783,12/17/2018,17.12000084
1784,12/18/2018,16.62000084
1785,12/19/2018,16.65999985
1786,12/20/2018,16.78000069
1787,12/21/2018,16.63999939
1788,12/24/2018,16.62000084
1789,12/26/2018,16.87999916
1790,12/27/2018,16.76000023
1791,12/28/2018,16.72999954
1792,12/31/2018,16.44000053
1793,1/2/2019,16.28000069
1794,1/3/2019,16.10000038
1795,1/4/2019,16.52000046
1796,1/7/2019,16.45000076
1797,1/8/2019,16.56999969
1798,1/9/2019,16.67000008
1799,1/10/2019,16.51000023
1800,1/11/2019,16.60000038
1801,1/14/2019,16.43000031
1802,1/15/2019,16.54999924
1803,1/16/2019,16.73999977
1804,1/17/2019,16.87999916
1805,1/18/2019,16.97999954
1806,1/22/2019,16.62000084
1807,1/23/2019,16.65999985
1808,1/24/2019,16.55999947
1809,1/25/2019,17.06999969
1810,1/28/2019,16.84000015
1811,1/29/2019,17.01000023
1812,1/30/2019,17.37000084
1813,1/31/2019,17.37000084
1814,2/1/2019,17.31999969
1815,2/4/2019,17.54000092
1816,2/5/2019,17.63999939
1817,2/6/2019,17.68000031
1818,2/7/2019,17.71999931
1819,2/8/2019,17.57999992
1820,2/11/2019,17.43000031
1821,2/12/2019,17.36000061
1822,2/13/2019,17.35000038
1823,2/14/2019,17.36000061
1824,2/15/2019,17.59000015
1825,2/19/2019,17.96999931
1826,2/20/2019,18.22999954
1827,2/21/2019,18.17000008
1828,2/22/2019,18.44000053
1829,2/25/2019,18.42000008
1830,2/26/2019,18.43000031
1831,2/27/2019,18.54999924
1832,2/28/2019,18.40999985
1833,3/1/2019,18.26000023
1834,3/4/2019,18.21999931
1835,3/5/2019,18.37000084
1836,3/6/2019,18.29000092
1837,3/7/2019,18.23999977
1838,3/8/2019,18.13999939
1839,3/11/2019,18.19000053
1840,3/12/2019,18.34000015
1841,3/13/2019,18.34000015
1842,3/14/2019,18.09000015
1843,3/15/2019,18.20999908
1844,3/18/2019,18.22999954
1845,3/19/2019,18.27000046
1846,3/20/2019,18.35000038
1847,3/21/2019,18.20999908
1848,3/22/2019,17.84000015
1849,3/25/2019,17.86000061
1850,3/26/2019,17.87999916
1851,3/27/2019,17.89999962
1852,3/28/2019,18
1853,3/29/2019,18.31999969
1854,4/1/2019,18.29999924
1855,4/2/2019,18.19000053
1856,4/3/2019,18.40999985
1857,4/4/2019,18.25
1858,4/5/2019,18.10000038
1859,4/8/2019,18.35000038
1860,4/9/2019,18.38999939
1861,4/10/2019,18.34000015
1862,4/11/2019,18.12999916
1863,4/12/2019,18.40999985
1864,4/15/2019,18.39999962
1865,4/16/2019,18.37999916
1866,4/17/2019,18.56999969
1867,4/18/2019,18.29999924
1868,4/22/2019,18.19000053
1869,4/23/2019,18.15999985
1870,4/24/2019,18.27000046
1871,4/25/2019,17.92000008
1872,4/26/2019,18.11000061
1873,4/29/2019,18.13999939
1874,4/30/2019,18.18000031
1875,5/1/2019,17.47999954
1876,5/2/2019,17.40999985
1877,5/3/2019,17.63999939
1878,5/6/2019,17.79000092
1879,5/7/2019,17.43000031
1880,5/8/2019,17.34000015
1881,5/9/2019,17.30999947
1882,5/10/2019,17.36000061
1883,5/13/2019,16.98999977
1884,5/14/2019,17.01000023
1885,5/15/2019,17.15999985
1886,5/16/2019,17.17000008
1887,5/17/2019,17.07999992
1888,5/20/2019,17.05999947
1889,5/21/2019,17
1890,5/22/2019,16.72999954
1891,5/23/2019,16.79000092
1892,5/24/2019,16.90999985
1893,5/28/2019,16.84000015
1894,5/29/2019,16.67000008
1895,5/30/2019,16.55999947
1896,5/31/2019,16.46999931
1897,6/3/2019,16.62000084
1898,6/4/2019,16.67000008
1899,6/5/2019,16.40999985
1900,6/6/2019,16.53000069
1901,6/7/2019,16.37000084
1902,6/10/2019,16.64999962
1903,6/11/2019,16.71999931
1904,6/12/2019,16.54000092
1905,6/13/2019,16.61000061
1906,6/14/2019,16.43000031
1907,6/17/2019,16.56999969
1908,6/18/2019,16.93000031
1909,6/19/2019,16.81999969
1910,6/20/2019,16.98999977
1911,6/21/2019,16.82999992
1912,6/24/2019,16.95000076
1913,6/25/2019,17.09000015
1914,6/26/2019,16.96999931
1915,6/27/2019,17.01000023
1916,6/28/2019,16.95999908
1917,7/1/2019,16.77000046
1918,7/2/2019,16.65999985
1919,7/3/2019,16.75
1920,7/5/2019,16.64999962
1921,7/8/2019,16.63999939
1922,7/9/2019,16.44000053
1923,7/10/2019,16.81999969
1924,7/11/2019,16.79999924
1925,7/12/2019,16.86000061
1926,7/15/2019,16.95999908
1927,7/16/2019,16.88999939
1928,7/17/2019,16.95999908
1929,7/18/2019,17.02000046
1930,7/19/2019,17.17000008
1931,7/22/2019,17.03000069
1932,7/23/2019,16.90999985
1933,7/24/2019,16.98999977
1934,7/25/2019,16.95999908
1935,7/26/2019,16.85000038
1936,7/29/2019,17.03000069
1937,7/30/2019,16.78000069
1938,7/31/2019,16.70000076
1939,8/1/2019,16.45999908
1940,8/2/2019,16.12000084
1941,8/5/2019,16.01000023
1942,8/6/2019,16.07999992
1943,8/7/2019,16.21999931
1944,8/8/2019,16.29000092
1945,8/9/2019,16.26000023
1946,8/12/2019,16.18000031
1947,8/13/2019,16.48999977
1948,8/14/2019,16.28000069
1949,8/15/2019,16.27000046
1950,8/16/2019,16.22999954
1951,8/19/2019,16.29000092
1952,8/20/2019,16.13999939
1953,8/21/2019,16.17000008
1954,8/22/2019,16.05999947
1955,8/23/2019,15.88000011
1956,8/26/2019,15.90999985
1957,8/27/2019,16
1958,8/28/2019,16.06999969
1959,8/29/2019,16.11000061
1960,8/30/2019,16
1961,9/3/2019,15.85000038
1962,9/4/2019,16.22999954
1963,9/5/2019,16.5
1964,9/6/2019,16.43000031
1965,9/9/2019,16.45999908
1966,9/10/2019,16.40999985
1967,9/11/2019,16.37000084
1968,9/12/2019,16.53000069
1969,9/13/2019,16.92000008
1970,9/16/2019,16.55999947
1971,9/17/2019,16.45000076
1972,9/18/2019,16.36000061
1973,9/19/2019,16.34000015
1974,9/20/2019,16.25
1975,9/23/2019,16.37999916
1976,9/24/2019,16.30999947
1977,9/25/2019,16.36000061
1978,9/26/2019,16.15999985
1979,9/27/2019,16.29000092
1980,9/30/2019,16.12999916
1981,10/1/2019,16.09000015
1982,10/2/2019,16.10000038
1983,10/3/2019,16.01000023
1984,10/4/2019,16.06999969
1985,10/7/2019,16.12999916
1986,10/8/2019,16.09000015
1987,10/9/2019,16.07999992
1988,10/10/2019,16.34000015
1989,10/11/2019,16.46999931
1990,10/14/2019,16.51000023
1991,10/15/2019,16.37000084
1992,10/16/2019,16.20999908
1993,10/17/2019,16.30999947
1994,10/18/2019,16.53000069
1995,10/21/2019,16.57999992
1996,10/22/2019,16.53000069
1997,10/23/2019,16.71999931
1998,10/24/2019,16.71999931
1999,10/25/2019,16.82999992
2000,10/28/2019,16.85000038
2001,10/29/2019,16.87000084
2002,10/30/2019,16.81999969
2003,10/31/2019,16.54000092
2004,11/1/2019,16.67000008
2005,11/4/2019,16.70000076
2006,11/5/2019,16.94000053
2007,11/6/2019,16.73999977
2008,11/7/2019,17.01000023
2009,11/8/2019,16.88999939
2010,11/11/2019,16.70000076
2011,11/12/2019,16.64999962
2012,11/13/2019,16.57999992
2013,11/14/2019,16.5
2014,11/15/2019,16.61000061
2015,11/18/2019,16.47999954
2016,11/19/2019,16.70000076
2017,11/20/2019,16.62999916
2018,11/21/2019,16.52000046
2019,11/22/2019,16.61000061
2020,11/25/2019,16.67000008
2021,11/26/2019,16.87999916
2022,11/27/2019,16.90999985
2023,11/29/2019,16.64999962
2024,12/2/2019,16.62000084
2025,12/3/2019,16.45000076
2026,12/4/2019,16.62999916
2027,12/5/2019,16.68000031
2028,12/6/2019,17.22999954
2029,12/9/2019,17.26000023
2030,12/10/2019,17.34000015
2031,12/11/2019,17.5
2032,12/12/2019,17.62999916
2033,12/13/2019,17.45000076
2034,12/16/2019,17.60000038
2035,12/17/2019,17.57999992
2036,12/18/2019,17.60000038
2037,12/19/2019,17.68000031
2038,12/20/2019,17.54999924
2039,12/23/2019,17.57999992
2040,12/24/2019,17.70000076
2041,12/26/2019,17.85000038
2042,12/27/2019,17.70000076
2043,12/30/2019,17.68000031
2044,12/31/2019,17.54000092
2045,1/2/2020,17.70000076
2046,1/3/2020,17.45000076
2047,1/6/2020,17.46999931
2048,1/7/2020,17.52000046
2049,1/8/2020,17.59000015
2050,1/9/2020,17.54000092
2051,1/10/2020,17.62000084
2052,1/13/2020,17.92000008
2053,1/14/2020,17.97999954
2054,1/15/2020,17.95000076
2055,1/16/2020,17.86000061
2056,1/17/2020,17.87000084
2057,1/21/2020,17.5
2058,1/22/2020,17.39999962
2059,1/23/2020,17.13999939
2060,1/24/2020,16.84000015
2061,1/27/2020,16.29999924
2062,1/28/2020,16.20000076
2063,1/29/2020,16.11000061
2064,1/30/2020,16
2065,1/31/2020,15.77999973
2066,2/3/2020,15.75
2067,2/4/2020,15.98999977
2068,2/5/2020,16.25
2069,2/6/2020,16.29999924
2070,2/7/2020,16.02000046
2071,2/10/2020,16.04999924
2072,2/11/2020,16.22999954
2073,2/12/2020,16.37999916
2074,2/13/2020,16.43000031
2075,2/14/2020,16.32999992
2076,2/18/2020,16.38999939
2077,2/19/2020,16.39999962
2078,2/20/2020,16.25
2079,2/21/2020,16.30999947
2080,2/24/2020,16.12000084
2081,2/25/2020,16.04000092
2082,2/26/2020,16.06999969
2083,2/27/2020,16.01000023
2084,2/28/2020,15.88000011
2085,3/2/2020,16.35000038
2086,3/3/2020,16.19000053
2087,3/4/2020,16.19000053
2088,3/5/2020,16.04999924
2089,3/6/2020,16.01000023
2090,3/9/2020,15.57999992
2091,3/10/2020,15.89999962
2092,3/11/2020,15.55000019
2093,3/12/2020,15.31000042
2094,3/13/2020,15.56999969
2095,3/16/2020,14.92000008
2096,3/17/2020,14.5
2097,3/18/2020,13.5
2098,3/19/2020,13.53999996
2099,3/20/2020,13.31999969
2100,3/23/2020,13.02999973
2101,3/24/2020,13.73999977
2102,3/25/2020,13.78999996
2103,3/26/2020,13.68000031
2104,3/27/2020,13.59000015
2105,3/30/2020,13.56999969
2106,3/31/2020,13.85999966
2107,4/1/2020,13.56999969
2108,4/2/2020,13.85999966
2109,4/3/2020,13.68999958
2110,4/6/2020,13.82999992
2111,4/7/2020,14.14000034
2112,4/8/2020,14.25
2113,4/9/2020,14.61999989
2114,4/13/2020,14.60999966
2115,4/14/2020,14.86999989
2116,4/15/2020,14.57999992
2117,4/16/2020,14.53999996
2118,4/17/2020,14.75
2119,4/20/2020,14.47000027
2120,4/21/2020,14.19999981
2121,4/22/2020,14.47000027
2122,4/23/2020,14.46000004
2123,4/24/2020,14.77000046
2124,4/27/2020,14.90999985
2125,4/28/2020,14.78999996
2126,4/29/2020,15
2127,4/30/2020,14.94999981
2128,5/1/2020,14.55000019
2129,5/4/2020,14.80000019
2130,5/5/2020,14.76000023
2131,5/6/2020,14.93000031
2132,5/7/2020,14.92000008
2133,5/8/2020,15.30000019
2134,5/11/2020,14.89000034
2135,5/12/2020,14.89000034
2136,5/13/2020,14.78999996
2137,5/14/2020,14.73999977
2138,5/15/2020,14.85000038
2139,5/18/2020,15.26000023
2140,5/19/2020,15.21000004
2141,5/20/2020,15.46000004
2142,5/21/2020,15.31000042
2143,5/22/2020,15.14999962
2144,5/26/2020,15.32999992
2145,5/27/2020,15.07999992
2146,5/28/2020,15.07999992
2147,5/29/2020,15.51000023
2148,6/1/2020,15.59000015
2149,6/2/2020,15.68999958
2150,6/3/2020,15.56999969
2151,6/4/2020,15.56999969
2152,6/5/2020,16.04000092
2153,6/8/2020,16.45000076
2154,6/9/2020,16.37999916
2155,6/10/2020,16.87000084
2156,6/11/2020,16.07999992
2157,6/12/2020,16.37999916
2158,6/15/2020,16.29000092
2159,6/16/2020,16.14999962
2160,6/17/2020,16.25
2161,6/18/2020,16.42000008
2162,6/19/2020,16.54999924
2163,6/22/2020,16.64999962
2164,6/23/2020,16.67000008
2165,6/24/2020,16.69000053
2166,6/25/2020,16.76000023
2167,6/26/2020,16.80999947
2168,6/29/2020,16.81999969
2169,6/30/2020,17.06999969
2170,7/1/2020,17.11000061
2171,7/2/2020,17.11000061
2172,7/6/2020,17.35000038
2173,7/7/2020,17.38999939
2174,7/8/2020,17.57999992
2175,7/9/2020,17.77000046
2176,7/10/2020,18.17000008
2177,7/13/2020,18.14999962
2178,7/14/2020,18.35000038
2179,7/15/2020,18.12000084
2180,7/16/2020,18.11000061
2181,7/17/2020,18.05999947
2182,7/20/2020,18.22999954
2183,7/21/2020,18.44000053
2184,7/22/2020,18.20999908
2185,7/23/2020,18.22999954
2186,7/24/2020,18.04999924
2187,7/27/2020,18.15999985
2188,7/28/2020,18.18000031
2189,7/29/2020,18.29000092
2190,7/30/2020,18.17000008
2191,7/31/2020,17.95000076
2192,8/3/2020,18.29000092
2193,8/4/2020,18.15999985
2194,8/5/2020,18.20000076
2195,8/6/2020,18.20000076
2196,8/7/2020,17.46999931
2197,8/10/2020,17.87999916
2198,8/11/2020,17.70999908
2199,8/12/2020,17.93000031
2200,8/13/2020,17.5
2201,8/14/2020,17.79000092
2202,8/17/2020,18.11000061
2203,8/18/2020,18.54000092
2204,8/19/2020,18.59000015
2205,8/20/2020,18.68000031
2206,8/21/2020,18.31999969
2207,8/24/2020,18.26000023
2208,8/25/2020,18.37999916
2209,8/26/2020,18.52000046
2210,8/27/2020,18.62000084
2211,8/28/2020,18.80999947
2212,8/31/2020,18.95999908
2213,9/1/2020,18.72999954
2214,9/2/2020,18.73999977
2215,9/3/2020,18.40999985
2216,9/4/2020,19.06999969
2217,9/8/2020,18.70000076
2218,9/9/2020,18.86000061
2219,9/10/2020,18.40999985
2220,9/11/2020,18.85000038
2221,9/14/2020,18.96999931
2222,9/15/2020,18.92000008
2223,9/16/2020,18.89999962
2224,9/17/2020,19.01000023
2225,9/18/2020,19.20999908
2226,9/21/2020,18.71999931
2227,9/22/2020,18.96999931
2228,9/23/2020,18.20999908
2229,9/24/2020,18.34000015
2230,9/25/2020,18.42000008
2231,9/28/2020,18.51000023
2232,9/29/2020,18.5
2233,9/30/2020,18.70000076
2234,10/1/2020,17.86000061
2235,10/2/2020,18.29999924
2236,10/5/2020,18.23999977
2237,10/6/2020,18.14999962
2238,10/7/2020,18.68000031
2239,10/8/2020,18.77000046
2240,10/9/2020,19.04999924
2241,10/12/2020,18.94000053
2242,10/13/2020,18.82999992
2243,10/14/2020,18.82999992
2244,10/15/2020,19.15999985
2245,10/16/2020,18.98999977
2246,10/19/2020,19.05999947
2247,10/20/2020,19.47999954
2248,10/21/2020,19.76000023
2249,10/22/2020,19.53000069
2250,10/23/2020,19.45000076
2251,10/26/2020,19.12000084
2252,10/27/2020,19.15999985
2253,10/28/2020,18.96999931
2254,10/29/2020,19.02000046
2255,10/30/2020,18.92000008
2256,11/2/2020,19.04999924
2257,11/3/2020,19.14999962
2258,11/4/2020,19.23999977
2259,11/5/2020,19.31999969
2260,11/6/2020,19.55999947
2261,11/9/2020,19.46999931
2262,11/10/2020,19.5
2263,11/11/2020,19.39999962
2264,11/12/2020,19.39999962
2265,11/13/2020,19.68000031
2266,11/16/2020,20.04000092
2267,11/17/2020,19.94000053
2268,11/18/2020,19.85000038
2269,11/19/2020,19.95000076
2270,11/20/2020,20.39999962
2271,11/23/2020,20.31999969
2272,11/24/2020,20.60000038
2273,11/25/2020,20.59000015
2274,11/27/2020,21.11000061
2275,11/30/2020,21.32999992
2276,12/1/2020,21.71999931
2277,12/2/2020,21.69000053
2278,12/3/2020,21.57999992
2279,12/4/2020,21.79999924
2280,12/7/2020,21.75
2281,12/8/2020,21.63999939
2282,12/9/2020,21.67000008
2283,12/10/2020,22.15999985
2284,12/11/2020,21.89999962
2285,12/14/2020,21.80999947
2286,12/15/2020,21.94000053
2287,12/16/2020,22.05999947
2288,12/17/2020,22.32999992
2289,12/18/2020,22.45000076
2290,12/21/2020,22.20000076
2291,12/22/2020,21.75
2292,12/23/2020,21.96999931
2293,12/24/2020,22.01000023
2294,12/28/2020,22.19000053
2295,12/29/2020,21.97999954
2296,12/30/2020,21.95000076
2297,12/31/2020,21.72999954
2298,1/4/2021,22.04000092
2299,1/5/2021,22.61000061
2300,1/6/2021,22.67000008
2301,1/7/2021,22.95999908
2302,1/8/2021,22.86000061
2303,1/11/2021,21.97999954
2304,1/12/2021,22.5
2305,1/13/2021,22.27000046
2306,1/14/2021,22.68000031
2307,1/15/2021,22.23999977
2308,1/19/2021,22.44000053
2309,1/20/2021,22.54999924
2310,1/21/2021,22.56999969
2311,1/22/2021,22.35000038
2312,1/25/2021,22.46999931
2313,1/26/2021,22.39999962
2314,1/27/2021,21.92000008
2315,1/28/2021,22.04999924
2316,1/29/2021,21.90999985
2317,2/1/2021,21.90999985
2318,2/2/2021,21.72999954
2319,2/3/2021,21.98999977
2320,2/4/2021,21.94000053
2321,2/5/2021,22.45000076
2322,2/8/2021,22.70000076
2323,2/9/2021,22.95000076
2324,2/10/2021,23.27000046
2325,2/11/2021,23.30999947
2326,2/12/2021,23.37999916
2327,2/16/2021,23.75
2328,2/17/2021,23.62000084
2329,2/18/2021,24.20000076
2330,2/19/2021,25.11000061
2331,2/22/2021,25.68000031
2332,2/23/2021,26.07999992
2333,2/24/2021,26.76000023
2334,2/25/2021,26.12000084
2335,2/26/2021,25.10000038
2336,3/1/2021,25.37000084
2337,3/2/2021,25.97999954
2338,3/3/2021,25.46999931
2339,3/4/2021,24.37999916
2340,3/5/2021,25.18000031
2341,3/8/2021,25.15999985
2342,3/9/2021,24.78000069
2343,3/10/2021,24.79999924
2344,3/11/2021,25.52000046
2345,3/12/2021,25.57999992
2346,3/15/2021,25.55999947
2347,3/16/2021,25.01000023
2348,3/17/2021,25.5
2349,3/18/2021,25.04999924
2350,3/19/2021,25.21999931
2351,3/22/2021,25.5
2352,3/23/2021,24.80999947
2353,3/24/2021,24.82999992
2354,3/25/2021,24.67000008
2355,3/26/2021,25.07999992
2356,3/29/2021,24.90999985
2357,3/30/2021,24.54999924
2358,3/31/2021,24.62000084
2359,4/1/2021,24.76000023
2360,4/5/2021,25.57999992
2361,4/6/2021,25.36000061
2362,4/7/2021,25.05999947
2363,4/8/2021,25.27000046
2364,4/9/2021,25.04000092
2365,4/12/2021,24.81999969
2366,4/13/2021,24.90999985
2367,4/14/2021,25.37999916
2368,4/15/2021,26.11000061
2369,4/16/2021,25.78000069
2370,4/19/2021,26.20999908
2371,4/20/2021,25.90999985
2372,4/21/2021,26.51000023
2373,4/22/2021,26.30999947
2374,4/23/2021,26.70999908
2375,4/26/2021,27.39999962
2376,4/27/2021,27.64999962
2377,4/28/2021,27.79999924
2378,4/29/2021,27.57999992
2379,4/30/2021,27.43000031
2380,5/3/2021,27.93000031
2381,5/4/2021,27.89999962
2382,5/5/2021,27.89999962
2383,5/6/2021,28.5
2384,5/7/2021,29.17000008
2385,5/10/2021,29.02000046
2386,5/11/2021,29.60000038
2387,5/12/2021,29.11000061
2388,5/13/2021,28.85000038
2389,5/14/2021,28.67000008
2390,5/17/2021,29.04000092
2391,5/18/2021,29.14999962
2392,5/19/2021,28.04000092
2393,5/20/2021,28
2394,5/21/2021,27.75
2395,5/24/2021,27.94000053
2396,5/25/2021,27.81999969
2397,5/26/2021,27.84000015
2398,5/27/2021,28.73999977
2399,5/28/2021,28.85000038
2400,6/1/2021,28.70000076
2401,6/2/2021,28.28000069
2402,6/3/2021,27.45999908
2403,6/4/2021,27.82999992
2404,6/7/2021,27.85000038
2405,6/8/2021,27.98999977
2406,6/9/2021,27.85000038
2407,6/10/2021,27.65999985
2408,6/11/2021,28
2409,6/14/2021,27.94000053
2410,6/15/2021,26.80999947
2411,6/16/2021,26.5
2412,6/17/2021,25.70999908
2413,6/18/2021,25.5
2414,6/21/2021,25.64999962
2415,6/22/2021,25.95000076
2416,6/23/2021,26.39999962
2417,6/24/2021,26.47999954
2418,6/25/2021,26.37999916
2419,6/28/2021,26.21999931
2420,6/29/2021,26.18000031
2421,6/30/2021,26.22999954
2422,7/1/2021,25.97999954
2423,7/2/2021,26.20000076
2424,7/6/2021,26.04999924
2425,7/7/2021,26.39999962
2426,7/8/2021,26.12999916
2427,7/9/2021,26.62000084
2428,7/12/2021,26.45000076
2429,7/13/2021,26.29000092
2430,7/14/2021,26.11000061
2431,7/15/2021,26.36000061
2432,7/16/2021,26.32999992
2433,7/19/2021,25.72999954
2434,7/20/2021,26.09000015
2435,7/21/2021,26.19000053
2436,7/22/2021,26.52000046
2437,7/23/2021,27.19000053
2438,7/26/2021,28.14999962
2439,7/27/2021,28
2440,7/28/2021,27.38999939
2441,7/29/2021,27.78000069
2442,7/30/2021,27.37999916
2443,8/2/2021,27.13999939
2444,8/3/2021,26.87999916
2445,8/4/2021,26.47999954
2446,8/5/2021,26.61000061
2447,8/6/2021,26.5
2448,8/9/2021,26.21999931
2449,8/10/2021,26.67000008
2450,8/11/2021,26.79999924
2451,8/12/2021,26.67000008
2452,8/13/2021,26.80999947
2453,8/16/2021,26.45000076
2454,8/17/2021,25.79999924
2455,8/18/2021,25.14999962
2456,8/19/2021,24.71999931
2457,8/20/2021,25.29999924
2458,8/23/2021,25.71999931
2459,8/24/2021,26
2460,8/25/2021,26.21999931
2461,8/26/2021,25.95999908
2462,8/27/2021,26.57999992
2463,8/30/2021,26.80999947
2464,8/31/2021,26.70000076
2465,9/1/2021,26.18000031
2466,9/2/2021,26.35000038
2467,9/3/2021,26.45999908
2468,9/7/2021,26.11000061
2469,9/8/2021,25.87000084
2470,9/9/2021,26.15999985
2471,9/10/2021,27.10000038
2472,9/13/2021,26.69000053
2473,9/14/2021,26.38999939
2474,9/15/2021,27
2475,9/16/2021,26.11000061
2476,9/17/2021,26.05999947
2477,9/20/2021,25.21999931
2478,9/21/2021,25.26000023
2479,9/22/2021,25.79999924
2480,9/23/2021,25.85000038
2481,9/24/2021,26.18000031
2482,9/27/2021,26.17000008
2483,9/28/2021,26.01000023
2484,9/29/2021,25.5
2485,9/30/2021,25.04999924
2486,10/1/2021,25.73999977
2487,10/4/2021,25.87000084
2488,10/5/2021,25.57999992
2489,10/6/2021,25.5
2490,10/7/2021,26.09000015
2491,10/8/2021,26.17000008
2492,10/11/2021,26.64999962
2493,10/12/2021,26.39999962
2494,10/13/2021,27.53000069
2495,10/14/2021,28.21999931
2496,10/15/2021,28.95000076
2497,10/18/2021,28.78000069
2498,10/19/2021,28.62000084
2499,10/20/2021,29.04000092
2500,10/21/2021,27.86000061
2501,10/22/2021,27.53000069
2502,10/25/2021,27.70000076
2503,10/26/2021,27.5
2504,10/27/2021,26.81999969
2505,10/28/2021,27.10000038
2506,10/29/2021,26.84000015
2507,11/1/2021,26.86000061
2508,11/2/2021,26.71999931
2509,11/3/2021,26.67000008
2510,11/4/2021,26.37000084
2511,11/5/2021,26.56999969
2512,11/8/2021,26.93000031
2513,11/9/2021,26.76000023
2514,11/10/2021,26.25
2515,11/11/2021,26.90999985
2516,11/12/2021,27.19000053
2517,11/15/2021,26.94000053
2518,11/16/2021,26.55999947
2519,11/17/2021,25.80999947
2520,11/18/2021,26.29999924
2521,11/19/2021,26.77000046
2522,11/22/2021,26.72999954
2523,11/23/2021,26.98999977
2524,11/24/2021,27.31999969
2525,11/26/2021,26.28000069
2526,11/29/2021,26.54999924
2527,11/30/2021,26.20999908
2528,12/1/2021,25.68000031
2529,12/2/2021,26.20000076
2530,12/3/2021,26.07999992
2531,12/6/2021,26.48999977
2532,12/7/2021,26.48999977
2533,12/8/2021,26.73999977
2534,12/9/2021,26.27000046
2535,12/10/2021,26.20999908
2536,12/13/2021,26.17000008
2537,12/14/2021,26.01000023
2538,12/15/2021,26
2539,12/16/2021,26.19000053
2540,12/17/2021,26.15999985
2541,12/20/2021,26.25
2542,12/21/2021,26.55999947
2543,12/22/2021,26.78000069
2544,12/23/2021,26.82999992
2545,12/27/2021,27.27000046
2546,12/28/2021,27.04000092
2547,12/29/2021,26.96999931
2548,12/30/2021,26.73999977
2549,12/31/2021,27.20999908
2550,1/3/2022,26.95999908
2551,1/4/2022,27.26000023
2552,1/5/2022,26.70000076
2553,1/6/2022,26.59000015
2554,1/7/2022,26.88999939
2555,1/10/2022,26.61000061
2556,1/11/2022,27.03000069
2557,1/12/2022,27.86000061
2558,1/13/2022,27.5
2559,1/14/2022,27.10000038
2560,1/18/2022,26.84000015
2561,1/19/2022,27.09000015
2562,1/20/2022,27.57999992
2563,1/21/2022,27.45000076
2564,1/24/2022,27.10000038
2565,1/25/2022,27.18000031
2566,1/26/2022,27.17000008
2567,1/27/2022,26.92000008
2568,1/28/2022,26.39999962
2569,1/31/2022,26.5
2570,2/1/2022,27.04000092
2571,2/2/2022,27.31999969
2572,2/3/2022,27.19000053
2573,2/4/2022,27.45000076
2574,2/7/2022,27.34000015
2575,2/8/2022,27.29000092
2576,2/9/2022,28.26000023
2577,2/10/2022,28.14999962
2578,2/11/2022,27.13999939
2579,2/14/2022,27.38999939
2580,2/15/2022,27.62999916
2581,2/16/2022,27.64999962
2582,2/17/2022,27.45999908
2583,2/18/2022,27.55999947
2584,2/22/2022,27.46999931
2585,2/23/2022,27.12000084
2586,2/24/2022,27.44000053
2587,2/25/2022,27.44000053
2588,2/28/2022,27.39999962
2589,3/1/2022,27.81999969
2590,3/2/2022,28.5
2591,3/3/2022,29.20000076
2592,3/4/2022,29.89999962
2593,3/7/2022,28.90999985
2594,3/8/2022,28.87000084
2595,3/9/2022,27.85000038
2596,3/10/2022,28.26000023
2597,3/11/2022,28
2598,3/14/2022,27.40999985
2599,3/15/2022,27.44000053
2600,3/16/2022,28.30999947
2601,3/17/2022,28.59000015
2602,3/18/2022,28.71999931
2603,3/21/2022,28.54999924
2604,3/22/2022,28.62999916
2605,3/23/2022,29.14999962
2606,3/24/2022,28.72999954
2607,3/25/2022,28.61000061
2608,3/28/2022,28.75
2609,3/29/2022,28.92000008
2610,3/30/2022,28.81999969
2611,3/31/2022,28.70999908
2612,4/1/2022,28.64999962
2613,4/4/2022,29.12000084
2614,4/5/2022,28.92000008
2615,4/6/2022,28.72999954
2616,4/7/2022,28.64999962
2617,4/8/2022,28.67000008
2618,4/11/2022,28.10000038
2619,4/12/2022,28.56999969
2620,4/13/2022,28.60000038
2621,4/14/2022,28.59000015
2622,4/18/2022,29.25
2623,4/19/2022,28.62000084
2624,4/20/2022,28.39999962
2625,4/21/2022,28.42000008
2626,4/22/2022,27.82999992
2627,4/25/2022,27.27000046
2628,4/26/2022,26.89999962
2629,4/27/2022,27
2630,4/28/2022,26.84000015
2631,4/29/2022,26.45000076
2632,5/2/2022,25.89999962
2633,5/3/2022,25.94000053
2634,5/4/2022,26.5
2635,5/5/2022,25.95999908
2636,5/6/2022,25.75
2637,5/9/2022,25.45999908
2638,5/10/2022,25.22999954
2639,5/11/2022,25.45000076
2640,5/12/2022,24.72999954
2641,5/13/2022,25.25
2642,5/16/2022,25.46999931
2643,5/17/2022,25.56999969
2644,5/18/2022,25.06999969
2645,5/19/2022,25.85000038
2646,5/20/2022,25.96999931
2647,5/23/2022,26.25
2648,5/24/2022,26.10000038
2649,5/25/2022,25.90999985
2650,5/26/2022,25.85000038
2651,5/27/2022,26.18000031
2652,5/31/2022,25.96999931
2653,6/1/2022,26.22999954
2654,6/2/2022,27.62000084
2655,6/3/2022,27.05999947
2656,6/6/2022,26.87999916
2657,6/7/2022,26.97999954
2658,6/8/2022,26.82999992
2659,6/9/2022,26.38999939
2660,6/10/2022,26.04000092
2661,6/13/2022,25.40999985
2662,6/14/2022,25.05999947
2663,6/15/2022,25.25
2664,6/16/2022,24.84000015
2665,6/17/2022,24.37000084
2666,6/21/2022,24.37000084
2667,6/22/2022,23.79999924
2668,6/23/2022,22.68000031
2669,6/24/2022,22.60000038
2670,6/27/2022,22.72999954
2671,6/28/2022,22.70999908
2672,6/29/2022,22.79999924
2673,6/30/2022,22.21999931
2674,7/1/2022,21.81999969
2675,7/5/2022,20.73999977
2676,7/6/2022,20.78000069
2677,7/7/2022,21.34000015
2678,7/8/2022,21.26000023
2679,7/11/2022,20.64999962
2680,7/12/2022,19.62999916
2681,7/13/2022,20.04000092
2682,7/14/2022,19.51000023
2683,7/15/2022,19.51000023
2684,7/18/2022,20.01000023
2685,7/19/2022,19.86000061
2686,7/20/2022,20.09000015
2687,7/21/2022,19.95000076
2688,7/22/2022,20.05999947
2689,7/25/2022,20.37999916
2690,7/26/2022,20.48999977
2691,7/27/2022,21
2692,7/28/2022,21.02000046
2693,7/29/2022,21.70000076
2694,8/1/2022,21.32999992
2695,8/2/2022,21.04999924
2696,8/3/2022,21.03000069
2697,8/4/2022,21.10000038
2698,8/5/2022,21.56999969
2699,8/8/2022,21.73999977
2700,8/9/2022,21.70000076
2701,8/10/2022,22
2702,8/11/2022,22.28000069
2703,8/12/2022,22.20000076
2704,8/15/2022,21.87000084
2705,8/16/2022,21.86000061
2706,8/17/2022,21.65999985
2707,8/18/2022,22.03000069
2708,8/19/2022,22.10000038
2709,8/22/2022,22.04000092
2710,8/23/2022,22.25
2711,8/24/2022,21.95999908
2712,8/25/2022,22.31999969
2713,8/26/2022,22.19000053
2714,8/29/2022,21.67000008
2715,8/30/2022,21.37000084
2716,8/31/2022,21.12999916
2717,9/1/2022,20.5
2718,9/2/2022,20.45000076
2719,9/6/2022,20.84000015
2720,9/7/2022,20.70999908
2721,9/8/2022,21.32999992
2722,9/9/2022,21.37000084
2723,9/12/2022,21.75
2724,9/13/2022,21.20999908
2725,9/14/2022,21.12000084
2726,9/15/2022,20.87999916
2727,9/16/2022,21.30999947
2728,9/19/2022,21.21999931
2729,9/20/2022,21.04000092
2730,9/21/2022,20.69000053
2731,9/22/2022,20.81999969
2732,9/23/2022,20.12000084
2733,9/26/2022,19.81999969
2734,9/27/2022,19.79000092
2735,9/28/2022,20.37000084
2736,9/29/2022,20.67000008
2737,9/30/2022,20.45000076
2738,10/3/2022,20.54000092
2739,10/4/2022,21.07999992
2740,10/5/2022,21.37999916
2741,10/6/2022,20.69000053
2742,10/7/2022,20.34000015
2743,10/10/2022,20.73999977
2744,10/11/2022,20.57999992
2745,10/12/2022,20.62999916
2746,10/13/2022,20.87999916
2747,10/14/2022,20.54000092
2748,10/17/2022,20.46999931
2749,10/18/2022,20.21999931
2750,10/19/2022,19.98999977
2751,10/20/2022,20.48999977
2752,10/21/2022,20.97999954
2753,10/24/2022,20.70999908
2754,10/25/2022,20.53000069
2755,10/26/2022,21.39999962
2756,10/27/2022,21.22999954
2757,10/28/2022,20.73999977
2758,10/31/2022,20.35000038
2759,11/1/2022,20.95000076
2760,11/2/2022,20.72999954
2761,11/3/2022,20.64999962
2762,11/4/2022,22.38999939
2763,11/7/2022,21.69000053
2764,11/8/2022,22.13999939
2765,11/9/2022,22.13999939
2766,11/10/2022,22.84000015
2767,11/11/2022,23.72999954
2768,11/14/2022,23.15999985
2769,11/15/2022,23.04000092
2770,11/16/2022,22.69000053
2771,11/17/2022,22.19000053
2772,11/18/2022,21.95999908
2773,11/21/2022,21.60000038
2774,11/22/2022,21.87000084
2775,11/23/2022,21.95999908
2776,11/25/2022,21.80999947
2777,11/28/2022,21.69000053
2778,11/29/2022,22.01000023
2779,11/30/2022,22.81999969
2780,12/1/2022,22.89999962
2781,12/2/2022,23.29999924
2782,12/5/2022,22.87000084
2783,12/6/2022,23.05999947
2784,12/7/2022,23.26000023
2785,12/8/2022,23.43000031
2786,12/9/2022,23.22999954
2787,12/12/2022,23.03000069
2788,12/13/2022,23.23999977
2789,12/14/2022,23.29999924
2790,12/15/2022,22.79000092
2791,12/16/2022,22.78000069
2792,12/19/2022,22.72999954
2793,12/20/2022,23.02000046
2794,12/21/2022,23.06999969
2795,12/22/2022,22.72999954
2796,12/23/2022,23.05999947
2797,12/27/2022,23.02000046
2798,12/28/2022,23.15999985
2799,12/29/2022,23.15999985
2800,12/30/2022,23.09000015
2801,1/3/2023,22.79000092
2802,1/4/2023,22.65999985
2803,1/5/2023,23.18000031
2804,1/6/2023,23.79000092
2805,1/9/2023,24.29000092
2806,1/10/2023,24.69000053
2807,1/11/2023,25.34000015
2808,1/12/2023,25.25
2809,1/13/2023,25.54999924
2810,1/17/2023,25.67000008
2811,1/18/2023,25.56999969
2812,1/19/2023,25.77000046
2813,1/20/2023,25.93000031
2814,1/23/2023,25.79000092
2815,1/24/2023,25.84000015
2816,1/25/2023,25.87999916
2817,1/26/2023,25.95999908
2818,1/27/2023,25.62000084
2819,1/30/2023,25.37000084
2820,1/31/2023,25.63999939
2821,2/1/2023,25.44000053
2822,2/2/2023,24.81999969
2823,2/3/2023,24.55999947
2824,2/6/2023,24.53000069
2825,2/7/2023,24.73999977
2826,2/8/2023,24.56999969
2827,2/9/2023,24.75
2828,2/10/2023,24.42000008
2829,2/13/2023,24.71999931
2830,2/14/2023,24.89999962
2831,2/15/2023,24.52000046
2832,2/16/2023,25.01000023
2833,2/17/2023,25.05999947
2834,2/21/2023,25.54999924
2835,2/22/2023,25.31999969
2836,2/23/2023,24.64999962
2837,2/24/2023,24.05999947
2838,2/27/2023,24.44000053
2839,2/28/2023,24.84000015
2840,3/1/2023,25.38999939
2841,3/2/2023,24.80999947
2842,3/3/2023,24.85000038
2843,3/6/2023,24.87000084
2844,3/7/2023,24.22999954
2845,3/8/2023,24.54000092
2846,3/9/2023,24.47999954
2847,3/10/2023,24.39999962
2848,3/13/2023,24.70000076
2849,3/14/2023,24.48999977
2850,3/15/2023,23.70000076
2851,3/16/2023,23.59000015
2852,3/17/2023,23.75
2853,3/20/2023,24.17000008
2854,3/21/2023,24.46999931
2855,3/22/2023,24.65999985
2856,3/23/2023,24.95999908
2857,3/24/2023,24.84000015
2858,3/27/2023,24.97999954
2859,3/28/2023,24.87000084
2860,3/29/2023,24.92000008
2861,3/30/2023,25.12000084
2862,3/31/2023,24.94000053
2863,4/3/2023,24.77000046
2864,4/4/2023,24.29000092
2865,4/5/2023,24.40999985
2866,4/6/2023,24.57999992
2867,4/10/2023,24.38999939
2868,4/11/2023,24.68000031
2869,4/12/2023,24.90999985
2870,4/13/2023,25.25
2871,4/14/2023,25.13999939
2872,4/17/2023,24.94000053
2873,4/18/2023,25.04999924
2874,4/19/2023,24.88999939
2875,4/20/2023,24.61000061
2876,4/21/2023,24.43000031
2877,4/24/2023,24.35000038
2878,4/25/2023,23.65999985
2879,4/26/2023,23.61000061
2880,4/27/2023,23.82999992
2881,4/28/2023,23.85000038
2882,5/1/2023,24.12000084
2883,5/2/2023,23.70999908
2884,5/3/2023,23.57999992
2885,5/4/2023,23.64999962
2886,5/5/2023,23.90999985
2887,5/8/2023,24.09000015
2888,5/9/2023,24.03000069
2889,5/10/2023,23.62999916
2890,5/11/2023,22.75
2891,5/12/2023,22.89999962
2892,5/15/2023,23
2893,5/16/2023,22.5
2894,5/17/2023,23.05999947
2895,5/18/2023,22.76000023
2896,5/19/2023,22.93000031
2897,5/22/2023,22.64999962
2898,5/23/2023,22.39999962
2899,5/24/2023,21.94000053
2900,5/25/2023,22.15999985
2901,5/26/2023,22.61000061
2902,5/30/2023,22.55999947
2903,5/31/2023,22.62000084
2904,6/1/2023,22.84000015
2905,6/2/2023,22.97999954
2906,6/5/2023,23.14999962
2907,6/6/2023,23.17000008
2908,6/7/2023,23.12999916
2909,6/8/2023,23.29999924
2910,6/9/2023,23.28000069
2911,6/12/2023,23.12999916
2912,6/13/2023,23.55999947
2913,6/14/2023,23.69000053
2914,6/15/2023,23.96999931
2915,6/16/2023,23.87000084
2916,6/20/2023,23.95000076
2917,6/21/2023,23.96999931
2918,6/22/2023,24
2919,6/23/2023,23.54000092
2920,6/26/2023,23.37999916
2921,6/27/2023,23.37000084
2922,6/28/2023,22.93000031
2923,6/29/2023,22.75
2924,6/30/2023,23.20000076
2925,7/3/2023,23.34000015
2926,7/5/2023,23.17000008
2927,7/6/2023,23.11000061
2928,7/7/2023,23.30999947
2929,7/10/2023,23.40999985
2930,7/11/2023,23.26000023
2931,7/12/2023,23.77000046
2932,7/13/2023,24.36000061
2933,7/14/2023,24.20000076
2934,7/17/2023,23.70999908
2935,7/18/2023,23.64999962
2936,7/19/2023,23.54999924
2937,7/20/2023,23.64999962
2938,7/21/2023,23.55999947
2939,7/24/2023,23.76000023
2940,7/25/2023,24.27000046
2941,7/26/2023,24.17000008
2942,7/27/2023,23.76000023
2943,7/28/2023,24.32999992
2944,7/31/2023,24.81999969
2945,8/1/2023,24.20000076
2946,8/2/2023,23.76000023
2947,8/3/2023,24.10000038
2948,8/4/2023,23.88999939
2949,8/7/2023,23.79000092
2950,8/8/2023,23.37999916
2951,8/9/2023,23.45000076
2952,8/10/2023,23.27000046
2953,8/11/2023,23.07999992
2954,8/14/2023,23.07999992
2955,8/15/2023,22.70999908
2956,8/16/2023,22.64999962
2957,8/17/2023,22.85000038
2958,8/18/2023,22.97999954
2959,8/21/2023,23.10000038
2960,8/22/2023,23.30999947
2961,8/23/2023,23.54000092
2962,8/24/2023,23.27000046
2963,8/25/2023,23.23999977
2964,8/28/2023,23.39999962
2965,8/29/2023,23.64999962
2966,8/30/2023,23.64999962
2967,8/31/2023,23.54000092
2968,9/1/2023,23.70999908
2969,9/5/2023,23.62000084
2970,9/6/2023,23.34000015
2971,9/7/2023,23.20999908
2972,9/8/2023,22.87000084
2973,9/11/2023,23.43000031
2974,9/12/2023,23.37000084
2975,9/13/2023,23.35000038
2976,9/14/2023,23.53000069
2977,9/15/2023,23.44000053
2978,9/18/2023,23.32999992
2979,9/19/2023,23.12999916
2980,9/20/2023,23.04000092
2981,9/21/2023,22.82999992
2982,9/22/2023,22.84000015
2983,9/25/2023,22.72999954
2984,9/26/2023,22.54000092
2985,9/27/2023,22.5
2986,9/28/2023,22.90999985
2987,9/29/2023,23.02000046
2988,10/2/2023,22.53000069
2989,10/3/2023,22.39999962
2990,10/4/2023,22.19000053
2991,10/5/2023,22.05999947
2992,10/6/2023,22.45000076
2993,10/9/2023,22.67000008
2994,10/10/2023,22.44000053
2995,10/11/2023,22.34000015
2996,10/12/2023,22.22999954
2997,10/13/2023,22.13999939
2998,10/16/2023,22.19000053
2999,10/17/2023,22.20000076
3000,10/18/2023,22.21999931
3001,10/19/2023,22.32999992
3002,10/20/2023,22.07999992
3003,10/23/2023,22.29000092
3004,10/24/2023,22.59000015
3005,10/25/2023,22.31999969
3006,10/26/2023,22.37000084
3007,10/27/2023,22.65999985
3008,10/30/2023,22.76000023
3009,10/31/2023,22.70000076
3010,11/1/2023,22.79999924
3011,11/2/2023,22.95000076
3012,11/3/2023,22.85000038
3013,11/6/2023,23.13999939
3014,11/7/2023,22.95000076
3015,11/8/2023,22.64999962
3016,11/9/2023,22.62999916
3017,11/10/2023,22.45000076
3018,11/13/2023,22.82999992
3019,11/14/2023,22.94000053
3020,11/15/2023,23.12999916
3021,11/16/2023,23
3022,11/17/2023,23.29000092
3023,11/20/2023,23.69000053
3024,11/21/2023,23.72999954
3025,11/22/2023,23.54999924
3026,11/24/2023,23.72999954
3027,11/27/2023,23.53000069
3028,11/28/2023,23.79999924
3029,11/29/2023,23.70000076
3030,11/30/2023,23.79999924
3031,12/1/2023,24.23999977
3032,12/4/2023,23.69000053
3033,12/5/2023,23.39999962
3034,12/6/2023,23.07999992
3035,12/7/2023,23.45999908
3036,12/8/2023,23.72999954
3037,12/11/2023,23.42000008
3038,12/12/2023,23.43000031
3039,12/13/2023,23.70000076
3040,12/14/2023,23.96999931
3041,12/15/2023,23.95000076
3042,12/18/2023,23.84000015
3043,12/19/2023,24.18000031
3044,12/20/2023,23.95999908
3045,12/21/2023,24.25
3046,12/22/2023,24.09000015
3047,12/26/2023,24.19000053
3048,12/27/2023,24.53000069
3049,12/28/2023,24.20999908
3050,12/29/2023,24.13999939
3051,1/2/2024,23.95000076
3052,1/3/2024,23.95999908
3053,1/4/2024,23.89999962
3054,1/5/2024,23.64999962
3055,1/8/2024,23.75
3056,1/9/2024,23.34000015
3057,1/10/2024,23.54999924
3058,1/11/2024,23.52000046
3059,1/12/2024,23.25
3060,1/16/2024,23.39999962
3061,1/17/2024,23.26000023
3062,1/18/2024,23.40999985
3063,1/19/2024,23.61000061
3064,1/22/2024,23.30999947
3065,1/23/2024,23.70000076
3066,1/24/2024,24.10000038
3067,1/25/2024,24.05999947
3068,1/26/2024,24.02000046
3069,1/29/2024,24.13999939
3070,1/30/2024,24.37000084
3071,1/31/2024,24.19000053
3072,2/1/2024,23.95000076
3073,2/2/2024,23.79000092
3074,2/5/2024,23.5
3075,2/6/2024,23.57999992
3076,2/7/2024,23.29000092
3077,2/8/2024,23.10000038
3078,2/9/2024,22.95000076
3079,2/12/2024,23.17000008
3080,2/13/2024,23.06999969
3081,2/14/2024,23.03000069
3082,2/15/2024,23.37999916
3083,2/16/2024,23.84000015
3084,2/20/2024,24.04000092
3085,2/21/2024,24.13999939
3086,2/22/2024,24.30999947
3087,2/23/2024,24.12999916
3088,2/26/2024,23.81999969
3089,2/27/2024,23.97999954
3090,2/28/2024,23.87000084
3091,2/29/2024,23.88999939
3092,3/1/2024,24.01000023
3093,3/4/2024,24.02000046
3094,3/5/2024,23.93000031
3095,3/6/2024,24.06999969
3096,3/7/2024,24.45000076
3097,3/8/2024,24.25
3098,3/11/2024,24.48999977
3099,3/12/2024,24.51000023
3100,3/13/2024,25.26000023
3101,3/14/2024,25.20999908
3102,3/15/2024,25.70999908
3103,3/18/2024,25.76000023
3104,3/19/2024,25.31999969
3105,3/20/2024,25.53000069
3106,3/21/2024,25.39999962
3107,3/22/2024,24.97999954
3108,3/25/2024,25.12999916
3109,3/26/2024,25.02000046
3110,3/27/2024,25.04999924
3111,3/28/2024,25.12000084
3112,4/1/2024,25.38999939
3113,4/2/2024,25.53000069